Week,Date,Food,Snail,Infected,Length,Eggs,C_Eggs,Cerc,C_Cercs,Alive
0,4-Oct-19,Water lettuce,3,Y,4.6,0,0,0,0,1
1,11-Oct-19,Water lettuce,3,Y,6,0,0,0,0,1
2,18-Oct-19,Water lettuce,3,Y,8.1,0,0,0,0,1
3,25-Oct-19,Water lettuce,3,Y,10.8,0,0,0,0,1
4,1-Nov-19,Water lettuce,3,Y,12.2,0,0,61,61,1
5,8-Nov-19,Water lettuce,3,Y,12.5,0,0,75,136,1
6,15-Nov-19,Water lettuce,3,Y,13.8,0,0,156,292,1
7,22-Nov-19,Water lettuce,3,Y,13.9,0,0,160,452,1
8,29-Nov-19,Water lettuce,3,Y,14.3,0,0,344,796,1
9,6-Dec-19,Water lettuce,3,Y,14.8,0,0,222,1018,1
10,13-Dec-19,Water lettuce,3,Y,15.5,0,0,186,1204,1
11,20-Dec-19,Water lettuce,3,Y,15.6,0,0,1058,2262,1
12,27-Dec-19,Water lettuce,3,Y,15.9,0,0,1648,3910,1
13,3-Jan-20,Water lettuce,3,Y,16.3,0,0,2349,6259,1
14,10-Jan-20,Water lettuce,3,Y,16.5,0,0,909,7168,1
15,17-Jan-20,Water lettuce,3,Y,16.1,0,0,1034,8202,1
16,24-Jan-20,Water lettuce,3,Y,16.8,0,0,396,8598,1
17,31-Jan-20,Water lettuce,3,Y,16.3,0,0,,,1
0,4-Oct-19,Water lettuce,4,Y,4.1,0,0,0,0,1
1,11-Oct-19,Water lettuce,4,Y,5.8,0,0,0,0,1
2,18-Oct-19,Water lettuce,4,Y,8.5,0,0,0,0,1
3,25-Oct-19,Water lettuce,4,Y,10.5,0,0,90,90,1
4,1-Nov-19,Water lettuce,4,Y,11.5,0,0,1228,1318,1
5,8-Nov-19,Water lettuce,4,Y,11,0,0,711,2029,1
6,15-Nov-19,Water lettuce,4,Y,11.6,0,0,1176,3205,1
7,22-Nov-19,Water lettuce,4,Y,11.9,0,0,434,3639,1
8,29-Nov-19,Water lettuce,4,Y,12.1,0,0,1565,5204,1
9,6-Dec-19,Water lettuce,4,Y,12.6,0,0,94,5298,1
10,13-Dec-19,Water lettuce,4,Y,12.7,0,0,136,5434,1
11,20-Dec-19,Water lettuce,4,Y,11.9,0,,,,0
12,27-Dec-19,Water lettuce,4,Y,,,,,,0
13,3-Jan-20,Water lettuce,4,Y,,,,,,0
14,10-Jan-20,Water lettuce,4,Y,,,,,,0
15,17-Jan-20,Water lettuce,4,Y,,,,,,0
16,24-Jan-20,Water lettuce,4,Y,,,,,,0
17,31-Jan-20,Water lettuce,4,Y,,,,,,0
0,4-Oct-19,Water lettuce,6,Y,4.5,0,0,0,0,1
1,11-Oct-19,Water lettuce,6,Y,5.8,0,0,0,0,1
2,18-Oct-19,Water lettuce,6,Y,8.5,0,0,0,0,1
3,25-Oct-19,Water lettuce,6,Y,10.4,0,0,78,78,1
4,1-Nov-19,Water lettuce,6,Y,11,0,0,1298,1376,1
5,8-Nov-19,Water lettuce,6,Y,11.2,0,0,1954,3330,1
6,15-Nov-19,Water lettuce,6,Y,12.1,0,0,1117,4447,1
7,22-Nov-19,Water lettuce,6,Y,12.1,0,0,0,4447,1
8,29-Nov-19,Water lettuce,6,Y,11.8,0,,,,0
9,6-Dec-19,Water lettuce,6,Y,,,,,,0
10,13-Dec-19,Water lettuce,6,Y,,,,,,0
11,20-Dec-19,Water lettuce,6,Y,,,,,,0
12,27-Dec-19,Water lettuce,6,Y,,,,,,0
13,3-Jan-20,Water lettuce,6,Y,,,,,,0
14,10-Jan-20,Water lettuce,6,Y,,,,,,0
15,17-Jan-20,Water lettuce,6,Y,,,,,,0
16,24-Jan-20,Water lettuce,6,Y,,,,,,0
17,31-Jan-20,Water lettuce,6,Y,,,,,,0
0,4-Oct-19,Water lettuce,7,Y,4.2,0,0,0,0,1
1,11-Oct-19,Water lettuce,7,Y,5.5,0,0,0,0,1
2,18-Oct-19,Water lettuce,7,Y,7.5,0,0,0,0,1
3,25-Oct-19,Water lettuce,7,Y,9.4,0,0,0,0,1
4,1-Nov-19,Water lettuce,7,Y,11.1,0,0,0,0,1
5,8-Nov-19,Water lettuce,7,Y,12,0,0,29,29,1
6,15-Nov-19,Water lettuce,7,Y,12.9,0,0,105,134,1
7,22-Nov-19,Water lettuce,7,Y,13.4,0,0,378,512,1
8,29-Nov-19,Water lettuce,7,Y,13.4,0,0,951,1463,1
9,6-Dec-19,Water lettuce,7,Y,13.8,0,0,406,1869,1
10,13-Dec-19,Water lettuce,7,Y,14.1,0,0,607,2476,1
11,20-Dec-19,Water lettuce,7,Y,14,0,0,548,3024,1
12,27-Dec-19,Water lettuce,7,Y,13.9,0,0,555,3579,1
13,3-Jan-20,Water lettuce,7,Y,14.5,0,0,1614,5193,1
14,10-Jan-20,Water lettuce,7,Y,14.4,0,0,302,5495,1
15,17-Jan-20,Water lettuce,7,Y,14.7,0,,,,0
16,24-Jan-20,Water lettuce,7,Y,,,,,,0
17,31-Jan-20,Water lettuce,7,Y,,,,,,0
0,4-Oct-19,Water lettuce,10,Y,4.3,0,0,0,0,1
1,11-Oct-19,Water lettuce,10,Y,6.1,0,0,0,0,1
2,18-Oct-19,Water lettuce,10,Y,8.1,0,0,0,0,1
3,25-Oct-19,Water lettuce,10,Y,9.7,0,0,91,91,1
4,1-Nov-19,Water lettuce,10,Y,9.9,0,0,475,566,1
5,8-Nov-19,Water lettuce,10,Y,10.8,0,0,541,1107,1
6,15-Nov-19,Water lettuce,10,Y,11.4,0,,,,0
7,22-Nov-19,Water lettuce,10,Y,,,,,,0
8,29-Nov-19,Water lettuce,10,Y,,,,,,0
9,6-Dec-19,Water lettuce,10,Y,,,,,,0
10,13-Dec-19,Water lettuce,10,Y,,,,,,0
11,20-Dec-19,Water lettuce,10,Y,,,,,,0
12,27-Dec-19,Water lettuce,10,Y,,,,,,0
13,3-Jan-20,Water lettuce,10,Y,,,,,,0
14,10-Jan-20,Water lettuce,10,Y,,,,,,0
15,17-Jan-20,Water lettuce,10,Y,,,,,,0
16,24-Jan-20,Water lettuce,10,Y,,,,,,0
17,31-Jan-20,Water lettuce,10,Y,,,,,,0
0,4-Oct-19,Water lettuce,11,Y,4.2,0,0,0,0,1
1,11-Oct-19,Water lettuce,11,Y,5.3,0,0,0,0,1
2,18-Oct-19,Water lettuce,11,Y,7.9,0,0,0,0,1
3,25-Oct-19,Water lettuce,11,Y,9.3,0,0,0,0,1
4,1-Nov-19,Water lettuce,11,Y,10.7,0,0,607,607,1
5,8-Nov-19,Water lettuce,11,Y,11.5,0,0,1090,1697,1
6,15-Nov-19,Water lettuce,11,Y,11.9,0,0,2203,3900,1
7,22-Nov-19,Water lettuce,11,Y,12.4,0,0,1332,5232,1
8,29-Nov-19,Water lettuce,11,Y,12.5,0,0,2377,7609,1
9,6-Dec-19,Water lettuce,11,Y,12.6,0,0,881,8490,1
10,13-Dec-19,Water lettuce,11,Y,13,0,0,718,9208,1
11,20-Dec-19,Water lettuce,11,Y,12.5,0,0,1038,10246,1
12,27-Dec-19,Water lettuce,11,Y,12.8,,,,,0
13,3-Jan-20,Water lettuce,11,Y,,,,,,0
14,10-Jan-20,Water lettuce,11,Y,,,,,,0
15,17-Jan-20,Water lettuce,11,Y,,,,,,0
16,24-Jan-20,Water lettuce,11,Y,,,,,,0
17,31-Jan-20,Water lettuce,11,Y,,,,,,0
0,4-Oct-19,Water lettuce,12,Y,4,0,0,0,0,1
1,11-Oct-19,Water lettuce,12,Y,5.7,0,0,0,0,1
2,18-Oct-19,Water lettuce,12,Y,8.4,0,0,0,0,1
3,25-Oct-19,Water lettuce,12,Y,10,0,0,289,289,1
4,1-Nov-19,Water lettuce,12,Y,10.2,0,0,878,1167,1
5,8-Nov-19,Water lettuce,12,Y,10.9,0,0,1062,2229,1
6,15-Nov-19,Water lettuce,12,Y,11.4,0,0,2391,4620,1
7,22-Nov-19,Water lettuce,12,Y,11.5,0,0,153,4773,1
8,29-Nov-19,Water lettuce,12,Y,11.6,0,0,394,5167,1
9,6-Dec-19,Water lettuce,12,Y,,,,,,0
10,13-Dec-19,Water lettuce,12,Y,,,,,,0
11,20-Dec-19,Water lettuce,12,Y,,,,,,0
12,27-Dec-19,Water lettuce,12,Y,,,,,,0
13,3-Jan-20,Water lettuce,12,Y,,,,,,0
14,10-Jan-20,Water lettuce,12,Y,,,,,,0
15,17-Jan-20,Water lettuce,12,Y,,,,,,0
16,24-Jan-20,Water lettuce,12,Y,,,,,,0
17,31-Jan-20,Water lettuce,12,Y,,,,,,0
0,4-Oct-19,Water lettuce,13,Y,4.7,0,0,0,0,1
1,11-Oct-19,Water lettuce,13,Y,6.3,0,0,0,0,1
2,18-Oct-19,Water lettuce,13,Y,8.7,0,0,0,0,1
3,25-Oct-19,Water lettuce,13,Y,10.3,0,0,258,258,1
4,1-Nov-19,Water lettuce,13,Y,10.7,0,0,1707,1965,1
5,8-Nov-19,Water lettuce,13,Y,11.1,0,0,1992,3957,1
6,15-Nov-19,Water lettuce,13,Y,11.3,0,0,2044,6001,1
7,22-Nov-19,Water lettuce,13,Y,11.3,0,0,472,6473,1
8,29-Nov-19,Water lettuce,13,Y,11.2,,,,,0
9,6-Dec-19,Water lettuce,13,Y,,,,,,0
10,13-Dec-19,Water lettuce,13,Y,,,,,,0
11,20-Dec-19,Water lettuce,13,Y,,,,,,0
12,27-Dec-19,Water lettuce,13,Y,,,,,,0
13,3-Jan-20,Water lettuce,13,Y,,,,,,0
14,10-Jan-20,Water lettuce,13,Y,,,,,,0
15,17-Jan-20,Water lettuce,13,Y,,,,,,0
16,24-Jan-20,Water lettuce,13,Y,,,,,,0
17,31-Jan-20,Water lettuce,13,Y,,,,,,0
0,4-Oct-19,Water lettuce,15,Y,4.2,0,0,0,0,1
1,11-Oct-19,Water lettuce,15,Y,5.2,0,0,0,0,1
2,18-Oct-19,Water lettuce,15,Y,7.7,0,0,0,0,1
3,25-Oct-19,Water lettuce,15,Y,9.2,0,0,195,195,1
4,1-Nov-19,Water lettuce,15,Y,9.5,0,0,718,913,1
5,8-Nov-19,Water lettuce,15,Y,10.6,0,0,791,1704,1
6,15-Nov-19,Water lettuce,15,Y,11,0,0,1756,3460,1
7,22-Nov-19,Water lettuce,15,Y,11,0,0,548,4008,1
8,29-Nov-19,Water lettuce,15,Y,10.8,0,0,361,4369,1
9,6-Dec-19,Water lettuce,15,Y,11.2,0,0,448,4817,1
10,13-Dec-19,Water lettuce,15,Y,11.4,0,0,135,4952,1
11,20-Dec-19,Water lettuce,15,Y,11.4,0,0,482,5434,1
12,27-Dec-19,Water lettuce,15,Y,11.9,0,0,32,5466,1
13,3-Jan-20,Water lettuce,15,Y,12.2,0,0,1457,6923,1
14,10-Jan-20,Water lettuce,15,Y,12.5,0,0,120,7043,1
15,17-Jan-20,Water lettuce,15,Y,12.4,0,0,357,7400,1
16,24-Jan-20,Water lettuce,15,Y,12.4,0,0,302,7702,1
17,31-Jan-20,Water lettuce,15,Y,13.1,0,0,,,1
0,4-Oct-19,Water lettuce,16,Y,4.8,0,0,0,0,1
1,11-Oct-19,Water lettuce,16,Y,6,0,0,0,0,1
2,18-Oct-19,Water lettuce,16,Y,8.8,0,0,0,0,1
3,25-Oct-19,Water lettuce,16,Y,10,0,0,19,19,1
4,1-Nov-19,Water lettuce,16,Y,10.2,0,0,868,887,1
5,8-Nov-19,Water lettuce,16,Y,10.5,0,0,1284,2171,1
6,15-Nov-19,Water lettuce,16,Y,11,0,0,1381,3552,1
7,22-Nov-19,Water lettuce,16,Y,11,0,0,718,4270,1
8,29-Nov-19,Water lettuce,16,Y,11,0,0,958,5228,1
9,6-Dec-19,Water lettuce,16,Y,11.2,0,0,1277,6505,1
10,13-Dec-19,Water lettuce,16,Y,11.7,0,0,809,7314,1
11,20-Dec-19,Water lettuce,16,Y,11.9,0,0,621,7935,1
12,27-Dec-19,Water lettuce,16,Y,12.1,0,0,0,7935,1
13,3-Jan-20,Water lettuce,16,Y,12.4,0,0,0,7935,1
14,10-Jan-20,Water lettuce,16,Y,,,,,,0
15,17-Jan-20,Water lettuce,16,Y,,,,,,0
16,24-Jan-20,Water lettuce,16,Y,,,,,,0
17,31-Jan-20,Water lettuce,16,Y,,,,,,0
0,4-Oct-19,Water lettuce,18,Y,4.5,0,0,0,0,1
1,11-Oct-19,Water lettuce,18,Y,5.4,0,0,0,0,1
2,18-Oct-19,Water lettuce,18,Y,8.1,0,0,0,0,1
3,25-Oct-19,Water lettuce,18,Y,10,0,0,30,30,1
4,1-Nov-19,Water lettuce,18,Y,10.5,0,0,503,533,1
5,8-Nov-19,Water lettuce,18,Y,11,0,0,632,1165,1
6,15-Nov-19,Water lettuce,18,Y,11.8,0,0,815,1980,1
7,22-Nov-19,Water lettuce,18,Y,12,0,0,423,2403,1
8,29-Nov-19,Water lettuce,18,Y,12.4,0,0,1992,4395,1
9,6-Dec-19,Water lettuce,18,Y,12.8,0,0,597,4992,1
10,13-Dec-19,Water lettuce,18,Y,13,0,0,854,5846,1
11,20-Dec-19,Water lettuce,18,Y,12.8,0,0,291,6137,1
12,27-Dec-19,Water lettuce,18,Y,12.9,0,0,1156,7293,1
13,3-Jan-20,Water lettuce,18,Y,13.4,0,0,1492,8785,1
14,10-Jan-20,Water lettuce,18,Y,13.5,0,0,344,9129,1
15,17-Jan-20,Water lettuce,18,Y,14.2,0,,,,0
16,24-Jan-20,Water lettuce,18,Y,,,,,,0
17,31-Jan-20,Water lettuce,18,Y,,,,,,0
0,4-Oct-19,Water lettuce,19,Y,4,0,0,0,0,1
1,11-Oct-19,Water lettuce,19,Y,6.3,0,0,0,0,1
2,18-Oct-19,Water lettuce,19,Y,8.9,0,0,0,0,1
3,25-Oct-19,Water lettuce,19,Y,11,0,0,215,215,1
4,1-Nov-19,Water lettuce,19,Y,11.3,0,0,1128,1343,1
5,8-Nov-19,Water lettuce,19,Y,11.2,0,0,1208,2551,1
6,15-Nov-19,Water lettuce,19,Y,11.6,0,0,2092,4643,1
7,22-Nov-19,Water lettuce,19,Y,11.8,,,,,0
8,29-Nov-19,Water lettuce,19,Y,,,,,,0
9,6-Dec-19,Water lettuce,19,Y,,,,,,0
10,13-Dec-19,Water lettuce,19,Y,,,,,,0
11,20-Dec-19,Water lettuce,19,Y,,,,,,0
12,27-Dec-19,Water lettuce,19,Y,,,,,,0
13,3-Jan-20,Water lettuce,19,Y,,,,,,0
14,10-Jan-20,Water lettuce,19,Y,,,,,,0
15,17-Jan-20,Water lettuce,19,Y,,,,,,0
16,24-Jan-20,Water lettuce,19,Y,,,,,,0
17,31-Jan-20,Water lettuce,19,Y,,,,,,0
0,4-Oct-19,Water lettuce,20,Y,4.8,0,0,0,0,1
1,11-Oct-19,Water lettuce,20,Y,6.4,0,0,0,0,1
2,18-Oct-19,Water lettuce,20,Y,8,0,0,0,0,1
3,25-Oct-19,Water lettuce,20,Y,9.3,0,0,621,621,1
4,1-Nov-19,Water lettuce,20,Y,10,0,0,666,1287,1
5,8-Nov-19,Water lettuce,20,Y,10.5,0,0,219,1506,1
6,15-Nov-19,Water lettuce,20,Y,11,0,0,176,1682,1
7,22-Nov-19,Water lettuce,20,Y,10.5,0,0,507,2189,1
8,29-Nov-19,Water lettuce,20,Y,10.5,0,0,1,2190,1
9,6-Dec-19,Water lettuce,20,Y,,,,,,0
10,13-Dec-19,Water lettuce,20,Y,,,,,,0
11,20-Dec-19,Water lettuce,20,Y,,,,,,0
12,27-Dec-19,Water lettuce,20,Y,,,,,,0
13,3-Jan-20,Water lettuce,20,Y,,,,,,0
14,10-Jan-20,Water lettuce,20,Y,,,,,,0
15,17-Jan-20,Water lettuce,20,Y,,,,,,0
16,24-Jan-20,Water lettuce,20,Y,,,,,,0
17,31-Jan-20,Water lettuce,20,Y,,,,,,0
0,4-Oct-19,Water lettuce,21,Y,4.7,0,0,0,0,1
1,11-Oct-19,Water lettuce,21,Y,6.3,0,0,0,0,1
2,18-Oct-19,Water lettuce,21,Y,8.8,0,0,0,0,1
3,25-Oct-19,Water lettuce,21,Y,10.5,0,0,186,186,1
4,1-Nov-19,Water lettuce,21,Y,11.1,0,0,1860,2046,1
5,8-Nov-19,Water lettuce,21,Y,11.7,0,0,1718,3764,1
6,15-Nov-19,Water lettuce,21,Y,11.7,0,0,2026,5790,1
7,22-Nov-19,Water lettuce,21,Y,12.3,0,0,1763,7553,1
8,29-Nov-19,Water lettuce,21,Y,12.6,0,0,2714,10267,1
9,6-Dec-19,Water lettuce,21,Y,13,0,0,323,10590,1
10,13-Dec-19,Water lettuce,21,Y,13.4,0,0,281,10871,1
11,20-Dec-19,Water lettuce,21,Y,13.1,0,0,194,11065,1
12,27-Dec-19,Water lettuce,21,Y,13.5,0,0,659,11724,1
13,3-Jan-20,Water lettuce,21,Y,13.7,0,0,1912,13636,1
14,10-Jan-20,Water lettuce,21,Y,13.9,0,0,510,14146,1
15,17-Jan-20,Water lettuce,21,Y,14,0,0,0,14146,1
16,24-Jan-20,Water lettuce,21,Y,13.8,0,0,0,14146,1
17,31-Jan-20,Water lettuce,21,Y,13.8,0,0,,,1
0,4-Oct-19,Water lettuce,22,Y,4.4,0,0,0,0,1
1,11-Oct-19,Water lettuce,22,Y,6.2,0,0,0,0,1
2,18-Oct-19,Water lettuce,22,Y,7.6,0,0,0,0,1
3,25-Oct-19,Water lettuce,22,Y,9.3,0,0,7,7,1
4,1-Nov-19,Water lettuce,22,Y,10,0,0,1138,1145,1
5,8-Nov-19,Water lettuce,22,Y,10.2,0,0,1225,2370,1
6,15-Nov-19,Water lettuce,22,Y,10.5,0,0,1659,4029,1
7,22-Nov-19,Water lettuce,22,Y,10.5,0,0,864,4893,1
8,29-Nov-19,Water lettuce,22,Y,11,0,0,1620,6513,1
9,6-Dec-19,Water lettuce,22,Y,10.9,0,0,378,6891,1
10,13-Dec-19,Water lettuce,22,Y,11.5,0,0,448,7339,1
11,20-Dec-19,Water lettuce,22,Y,11,0,,,,0
12,27-Dec-19,Water lettuce,22,Y,,,,,,0
13,3-Jan-20,Water lettuce,22,Y,,,,,,0
14,10-Jan-20,Water lettuce,22,Y,,,,,,0
15,17-Jan-20,Water lettuce,22,Y,,,,,,0
16,24-Jan-20,Water lettuce,22,Y,,,,,,0
17,31-Jan-20,Water lettuce,22,Y,,,,,,0
0,4-Oct-19,Water lettuce,23,N,4.1,0,0,,,1
1,11-Oct-19,Water lettuce,23,N,6.1,0,0,,,1
2,18-Oct-19,Water lettuce,23,N,8.3,0,0,,,1
3,25-Oct-19,Water lettuce,23,N,9.4,0,0,,,1
4,1-Nov-19,Water lettuce,23,N,10.4,0,0,,,1
5,8-Nov-19,Water lettuce,23,N,11.4,19,19,,,1
6,15-Nov-19,Water lettuce,23,N,11.8,0,19,,,1
7,22-Nov-19,Water lettuce,23,N,12.5,10,29,,,1
8,29-Nov-19,Water lettuce,23,N,12.9,10,39,,,1
9,6-Dec-19,Water lettuce,23,N,13.4,105,144,,,1
10,13-Dec-19,Water lettuce,23,N,14,195,339,,,1
11,20-Dec-19,Water lettuce,23,N,14,118,457,,,1
12,27-Dec-19,Water lettuce,23,N,14.3,130,587,,,1
13,3-Jan-20,Water lettuce,23,N,15.4,96,683,,,1
14,10-Jan-20,Water lettuce,23,N,16,108,791,,,1
15,17-Jan-20,Water lettuce,23,N,16,98,889,,,1
16,24-Jan-20,Water lettuce,23,N,16.5,37,926,,,1
17,31-Jan-20,Water lettuce,23,N,16.8,0,926,,,1
0,4-Oct-19,Water lettuce,24,N,4,0,0,,,1
1,11-Oct-19,Water lettuce,24,N,6.3,0,0,,,1
2,18-Oct-19,Water lettuce,24,N,8,0,0,,,1
3,25-Oct-19,Water lettuce,24,N,9.7,0,0,,,1
4,1-Nov-19,Water lettuce,24,N,10.5,0,0,,,1
5,8-Nov-19,Water lettuce,24,N,,,,,,0
6,15-Nov-19,Water lettuce,24,N,,,,,,0
7,22-Nov-19,Water lettuce,24,N,,,,,,0
8,29-Nov-19,Water lettuce,24,N,,,,,,0
9,6-Dec-19,Water lettuce,24,N,,,,,,0
10,13-Dec-19,Water lettuce,24,N,,,,,,0
11,20-Dec-19,Water lettuce,24,N,,,,,,0
12,27-Dec-19,Water lettuce,24,N,,,,,,0
13,3-Jan-20,Water lettuce,24,N,,,,,,0
14,10-Jan-20,Water lettuce,24,N,,,,,,0
15,17-Jan-20,Water lettuce,24,N,,,,,,0
16,24-Jan-20,Water lettuce,24,N,,,,,,0
17,31-Jan-20,Water lettuce,24,N,,,,,,0
0,4-Oct-19,Water lettuce,25,N,4.2,0,0,,,1
1,11-Oct-19,Water lettuce,25,N,6.3,0,0,,,1
2,18-Oct-19,Water lettuce,25,N,8.6,0,0,,,1
3,25-Oct-19,Water lettuce,25,N,10.4,0,0,,,1
4,1-Nov-19,Water lettuce,25,N,11.1,0,0,,,1
5,8-Nov-19,Water lettuce,25,N,11.8,0,0,,,1
6,15-Nov-19,Water lettuce,25,N,12.5,0,0,,,1
7,22-Nov-19,Water lettuce,25,N,12.9,0,0,,,1
8,29-Nov-19,Water lettuce,25,N,13.5,0,0,,,1
9,6-Dec-19,Water lettuce,25,N,14.5,3,3,,,1
10,13-Dec-19,Water lettuce,25,N,14.7,2,5,,,1
11,20-Dec-19,Water lettuce,25,N,14.9,5,10,,,1
12,27-Dec-19,Water lettuce,25,N,15.6,8,18,,,1
13,3-Jan-20,Water lettuce,25,N,16.3,3,21,,,1
14,10-Jan-20,Water lettuce,25,N,16.5,0,21,,,1
15,17-Jan-20,Water lettuce,25,N,16.7,5,26,,,1
16,24-Jan-20,Water lettuce,25,N,17,0,26,,,1
17,31-Jan-20,Water lettuce,25,N,17.3,0,26,,,1
0,4-Oct-19,Water lettuce,26,N,4.8,0,0,,,1
1,11-Oct-19,Water lettuce,26,N,6.6,0,0,,,1
2,18-Oct-19,Water lettuce,26,N,8,0,0,,,1
3,25-Oct-19,Water lettuce,26,N,9.1,0,0,,,1
4,1-Nov-19,Water lettuce,26,N,10,16,16,,,1
5,8-Nov-19,Water lettuce,26,N,10.5,32,48,,,1
6,15-Nov-19,Water lettuce,26,N,11.2,88,136,,,1
7,22-Nov-19,Water lettuce,26,N,11.8,41,177,,,1
8,29-Nov-19,Water lettuce,26,N,12.2,96,273,,,1
9,6-Dec-19,Water lettuce,26,N,13.5,53,326,,,1
10,13-Dec-19,Water lettuce,26,N,13.2,91,417,,,1
11,20-Dec-19,Water lettuce,26,N,13.9,170,587,,,1
12,27-Dec-19,Water lettuce,26,N,13.9,190,777,,,1
13,3-Jan-20,Water lettuce,26,N,14.2,87,864,,,1
14,10-Jan-20,Water lettuce,26,N,14.2,12,876,,,1
15,17-Jan-20,Water lettuce,26,N,14,0,876,,,1
16,24-Jan-20,Water lettuce,26,N,14.1,0,876,,,1
17,31-Jan-20,Water lettuce,26,N,14.5,0,876,,,1
0,4-Oct-19,Water lettuce,27,N,4.6,0,0,,,1
1,11-Oct-19,Water lettuce,27,N,6.5,0,0,,,1
2,18-Oct-19,Water lettuce,27,N,7.2,0,0,,,1
3,25-Oct-19,Water lettuce,27,N,8.8,0,0,,,1
4,1-Nov-19,Water lettuce,27,N,9.5,25,25,,,1
5,8-Nov-19,Water lettuce,27,N,10.2,41,66,,,1
6,15-Nov-19,Water lettuce,27,N,10.7,64,130,,,1
7,22-Nov-19,Water lettuce,27,N,11.3,58,188,,,1
8,29-Nov-19,Water lettuce,27,N,11.6,0,188,,,1
9,6-Dec-19,Water lettuce,27,N,12.3,67,255,,,1
10,13-Dec-19,Water lettuce,27,N,12.6,34,289,,,1
11,20-Dec-19,Water lettuce,27,N,13.1,59,348,,,1
12,27-Dec-19,Water lettuce,27,N,13.5,52,400,,,1
13,3-Jan-20,Water lettuce,27,N,14.1,55,455,,,1
14,10-Jan-20,Water lettuce,27,N,14.7,86,541,,,1
15,17-Jan-20,Water lettuce,27,N,14.5,111,652,,,1
16,24-Jan-20,Water lettuce,27,N,15.7,90,742,,,1
17,31-Jan-20,Water lettuce,27,N,14.9,86,828,,,1
0,4-Oct-19,Water lettuce,28,N,4.1,0,0,,,1
1,11-Oct-19,Water lettuce,28,N,6.2,0,0,,,1
2,18-Oct-19,Water lettuce,28,N,7.1,0,0,,,1
3,25-Oct-19,Water lettuce,28,N,9.2,0,0,,,1
4,1-Nov-19,Water lettuce,28,N,10.5,12,12,,,1
5,8-Nov-19,Water lettuce,28,N,11,16,28,,,1
6,15-Nov-19,Water lettuce,28,N,11.4,55,83,,,1
7,22-Nov-19,Water lettuce,28,N,11.7,42,125,,,1
8,29-Nov-19,Water lettuce,28,N,12.4,91,216,,,1
9,6-Dec-19,Water lettuce,28,N,12.9,24,240,,,1
10,13-Dec-19,Water lettuce,28,N,13.2,96,336,,,1
11,20-Dec-19,Water lettuce,28,N,13.5,39,375,,,1
12,27-Dec-19,Water lettuce,28,N,13.8,75,450,,,1
13,3-Jan-20,Water lettuce,28,N,14.4,89,539,,,1
14,10-Jan-20,Water lettuce,28,N,14.5,9,548,,,1
15,17-Jan-20,Water lettuce,28,N,14.5,10,558,,,1
16,24-Jan-20,Water lettuce,28,N,15,0,558,,,1
17,31-Jan-20,Water lettuce,28,N,15.5,4,562,,,1
0,4-Oct-19,Water lettuce,29,N,4.1,0,0,,,1
1,11-Oct-19,Water lettuce,29,N,6.9,0,0,,,1
2,18-Oct-19,Water lettuce,29,N,8,0,0,,,1
3,25-Oct-19,Water lettuce,29,N,9.3,0,0,,,1
4,1-Nov-19,Water lettuce,29,N,9.8,0,0,,,1
5,8-Nov-19,Water lettuce,29,N,10.3,43,43,,,1
6,15-Nov-19,Water lettuce,29,N,10.9,26,69,,,1
7,22-Nov-19,Water lettuce,29,N,11.5,87,156,,,1
8,29-Nov-19,Water lettuce,29,N,11.8,84,240,,,1
9,6-Dec-19,Water lettuce,29,N,12.7,97,337,,,1
10,13-Dec-19,Water lettuce,29,N,13,96,433,,,1
11,20-Dec-19,Water lettuce,29,N,13,155,588,,,1
12,27-Dec-19,Water lettuce,29,N,13.4,87,675,,,1
13,3-Jan-20,Water lettuce,29,N,13.5,178,853,,,1
14,10-Jan-20,Water lettuce,29,N,14,176,1029,,,1
15,17-Jan-20,Water lettuce,29,N,13.9,57,1086,,,1
16,24-Jan-20,Water lettuce,29,N,14,91,1177,,,1
17,31-Jan-20,Water lettuce,29,N,14.5,78,1255,,,1
0,4-Oct-19,Water lettuce,30,N,4.3,0,0,,,1
1,11-Oct-19,Water lettuce,30,N,6.2,0,0,,,1
2,18-Oct-19,Water lettuce,30,N,8.4,0,0,,,1
3,25-Oct-19,Water lettuce,30,N,9.5,0,0,,,1
4,1-Nov-19,Water lettuce,30,N,10.7,0,0,,,1
5,8-Nov-19,Water lettuce,30,N,11.3,0,0,,,1
6,15-Nov-19,Water lettuce,30,N,12.4,0,0,,,1
7,22-Nov-19,Water lettuce,30,N,13.3,0,0,,,1
8,29-Nov-19,Water lettuce,30,N,13.4,0,0,,,1
9,6-Dec-19,Water lettuce,30,N,13.9,28,28,,,1
10,13-Dec-19,Water lettuce,30,N,14.2,0,28,,,1
11,20-Dec-19,Water lettuce,30,N,14.6,34,62,,,1
12,27-Dec-19,Water lettuce,30,N,14.9,35,97,,,1
13,3-Jan-20,Water lettuce,30,N,15.8,19,116,,,1
14,10-Jan-20,Water lettuce,30,N,16.2,62,178,,,1
15,17-Jan-20,Water lettuce,30,N,16.1,51,229,,,1
16,24-Jan-20,Water lettuce,30,N,16.4,41,270,,,1
17,31-Jan-20,Water lettuce,30,N,16.5,12,282,,,1
0,4-Oct-19,Good lab food,31,Y,4.7,0,0,0,0,1
1,11-Oct-19,Good lab food,31,Y,7.7,0,0,0,0,1
2,18-Oct-19,Good lab food,31,Y,9.8,0,0,0,0,1
3,25-Oct-19,Good lab food,31,Y,11,0,0,45,45,1
4,1-Nov-19,Good lab food,31,Y,11.6,0,0,746,791,1
5,8-Nov-19,Good lab food,31,Y,11.5,0,0,1027,1818,1
6,15-Nov-19,Good lab food,31,Y,11.5,0,0,1086,2904,1
7,22-Nov-19,Good lab food,31,Y,11.8,0,0,940,3844,1
8,29-Nov-19,Good lab food,31,Y,12,0,0,1666,5510,1
9,6-Dec-19,Good lab food,31,Y,12.4,0,0,2197,7707,1
10,13-Dec-19,Good lab food,31,Y,12.6,0,0,965,8672,1
11,20-Dec-19,Good lab food,31,Y,12.8,0,,,,0
12,27-Dec-19,Good lab food,31,Y,,,,,,0
13,3-Jan-20,Good lab food,31,Y,,,,,,0
14,10-Jan-20,Good lab food,31,Y,,,,,,0
15,17-Jan-20,Good lab food,31,Y,,,,,,0
16,24-Jan-20,Good lab food,31,Y,,,,,,0
17,31-Jan-20,Good lab food,31,Y,,,,,,0
0,4-Oct-19,Good lab food,34,Y,4.7,0,0,0,0,1
1,11-Oct-19,Good lab food,34,Y,6.5,0,0,0,0,1
2,18-Oct-19,Good lab food,34,Y,8.7,0,0,0,0,1
3,25-Oct-19,Good lab food,34,Y,10,0,0,0,0,1
4,1-Nov-19,Good lab food,34,Y,11.3,0,0,545,545,1
5,8-Nov-19,Good lab food,34,Y,11.8,0,0,1714,2259,1
6,15-Nov-19,Good lab food,34,Y,12.1,0,0,1673,3932,1
7,22-Nov-19,Good lab food,34,Y,13,0,0,645,4577,1
8,29-Nov-19,Good lab food,34,Y,13.5,0,0,2630,7207,1
9,6-Dec-19,Good lab food,34,Y,14,0,0,1516,8723,1
10,13-Dec-19,Good lab food,34,Y,14.3,0,0,916,9639,1
11,20-Dec-19,Good lab food,34,Y,14.2,0,0,1336,10975,1
12,27-Dec-19,Good lab food,34,Y,14.9,0,0,725,11700,1
13,3-Jan-20,Good lab food,34,Y,15.5,0,0,444,12144,1
14,10-Jan-20,Good lab food,34,Y,15.4,0,0,534,12678,1
15,17-Jan-20,Good lab food,34,Y,15.2,0,0,2096,14774,1
16,24-Jan-20,Good lab food,34,Y,15.6,0,0,385,15159,1
17,31-Jan-20,Good lab food,34,Y,15.3,0,0,,,1
0,4-Oct-19,Good lab food,35,Y,4.8,0,0,0,0,1
1,11-Oct-19,Good lab food,35,Y,7.2,0,0,0,0,1
2,18-Oct-19,Good lab food,35,Y,9.4,0,0,0,0,1
3,25-Oct-19,Good lab food,35,Y,10.9,0,0,5,5,1
4,1-Nov-19,Good lab food,35,Y,12,0,0,2287,2292,1
5,8-Nov-19,Good lab food,35,Y,12.2,0,0,2596,4888,1
6,15-Nov-19,Good lab food,35,Y,12.6,0,0,2450,7338,1
7,22-Nov-19,Good lab food,35,Y,13.3,0,0,1655,8993,1
8,29-Nov-19,Good lab food,35,Y,13.9,0,0,2960,11953,1
9,6-Dec-19,Good lab food,35,Y,14.4,0,0,2495,14448,1
10,13-Dec-19,Good lab food,35,Y,14.5,0,0,1721,16169,1
11,20-Dec-19,Good lab food,35,Y,14.8,0,0,1600,17769,1
12,27-Dec-19,Good lab food,35,Y,14.8,0,0,1593,19362,1
13,3-Jan-20,Good lab food,35,Y,15.3,0,0,337,19699,1
14,10-Jan-20,Good lab food,35,Y,15.2,0,0,659,20358,1
15,17-Jan-20,Good lab food,35,Y,15.6,0,0,1038,21396,1
16,24-Jan-20,Good lab food,35,Y,15.6,0,0,291,21687,1
17,31-Jan-20,Good lab food,35,Y,16.3,0,0,,,1
0,4-Oct-19,Good lab food,36,Y,4.7,0,0,0,0,1
1,11-Oct-19,Good lab food,36,Y,7,0,0,0,0,1
2,18-Oct-19,Good lab food,36,Y,9,0,0,0,0,1
3,25-Oct-19,Good lab food,36,Y,10.5,0,0,0,0,1
4,1-Nov-19,Good lab food,36,Y,12,0,0,490,490,1
5,8-Nov-19,Good lab food,36,Y,12.3,0,0,559,1049,1
6,15-Nov-19,Good lab food,36,Y,12.5,0,0,1423,2472,1
7,22-Nov-19,Good lab food,36,Y,13.5,0,0,628,3100,1
8,29-Nov-19,Good lab food,36,Y,14.1,3,3,3980,7080,1
9,6-Dec-19,Good lab food,36,Y,14.8,0,3,2141,9221,1
10,13-Dec-19,Good lab food,36,Y,15.2,0,3,1763,10984,1
11,20-Dec-19,Good lab food,36,Y,15.9,0,3,1811,12795,1
12,27-Dec-19,Good lab food,36,Y,16.3,0,3,1804,14599,1
13,3-Jan-20,Good lab food,36,Y,16.5,0,3,2256,16855,1
14,10-Jan-20,Good lab food,36,Y,16.6,0,3,985,17840,1
15,17-Jan-20,Good lab food,36,Y,16.9,0,3,1332,19172,1
16,24-Jan-20,Good lab food,36,Y,16.8,0,3,2401,21573,1
17,31-Jan-20,Good lab food,36,Y,17.5,0,3,,,1
0,4-Oct-19,Good lab food,37,Y,4.5,0,0,0,0,1
1,11-Oct-19,Good lab food,37,Y,6.9,0,0,0,0,1
2,18-Oct-19,Good lab food,37,Y,9,0,0,0,0,1
3,25-Oct-19,Good lab food,37,Y,10.4,0,0,0,0,1
4,1-Nov-19,Good lab food,37,Y,11.9,0,0,861,861,1
5,8-Nov-19,Good lab food,37,Y,12.3,0,0,1718,2579,1
6,15-Nov-19,Good lab food,37,Y,12.6,0,0,1936,4515,1
7,22-Nov-19,Good lab food,37,Y,13.1,0,0,1360,5875,1
8,29-Nov-19,Good lab food,37,Y,13.5,0,0,2897,8772,1
9,6-Dec-19,Good lab food,37,Y,14.3,0,0,1686,10458,1
10,13-Dec-19,Good lab food,37,Y,14.2,0,0,1954,12412,1
11,20-Dec-19,Good lab food,37,Y,14,0,0,2176,14588,1
12,27-Dec-19,Good lab food,37,Y,14.2,0,0,1114,15702,1
13,3-Jan-20,Good lab food,37,Y,14.8,0,0,1468,17170,1
14,10-Jan-20,Good lab food,37,Y,14.7,0,0,552,17722,1
15,17-Jan-20,Good lab food,37,Y,15.1,0,0,937,18659,1
16,24-Jan-20,Good lab food,37,Y,15,0,0,1201,19860,1
17,31-Jan-20,Good lab food,37,Y,15.2,0,0,,,1
0,4-Oct-19,Good lab food,39,Y,4.5,0,0,0,0,1
1,11-Oct-19,Good lab food,39,Y,7.3,0,0,0,0,1
2,18-Oct-19,Good lab food,39,Y,9,0,0,0,0,1
3,25-Oct-19,Good lab food,39,Y,10,0,0,0,0,1
4,1-Nov-19,Good lab food,39,Y,11.6,0,0,0,0,1
5,8-Nov-19,Good lab food,39,Y,12.2,0,0,0,0,1
6,15-Nov-19,Good lab food,39,Y,13.1,0,0,26,26,1
7,22-Nov-19,Good lab food,39,Y,14,0,0,2,28,1
8,29-Nov-19,Good lab food,39,Y,14.7,2,2,17,45,1
9,6-Dec-19,Good lab food,39,Y,15.4,0,2,26,71,1
10,13-Dec-19,Good lab food,39,Y,15.8,0,2,5,76,1
11,20-Dec-19,Good lab food,39,Y,15.8,0,2,53,129,1
12,27-Dec-19,Good lab food,39,Y,16.9,0,2,42,171,1
13,3-Jan-20,Good lab food,39,Y,17.3,0,2,35,206,1
14,10-Jan-20,Good lab food,39,Y,17.4,0,2,49,255,1
15,17-Jan-20,Good lab food,39,Y,17.5,0,2,34,289,1
16,24-Jan-20,Good lab food,39,Y,17.3,0,2,184,473,1
17,31-Jan-20,Good lab food,39,Y,17.6,0,2,,,1
0,4-Oct-19,Good lab food,40,Y,4.6,0,0,0,0,1
1,11-Oct-19,Good lab food,40,Y,7,0,0,0,0,1
2,18-Oct-19,Good lab food,40,Y,9.1,0,0,0,0,1
3,25-Oct-19,Good lab food,40,Y,10.7,0,0,0,0,1
4,1-Nov-19,Good lab food,40,Y,12,0,0,656,656,1
5,8-Nov-19,Good lab food,40,Y,12.3,0,0,933,1589,1
6,15-Nov-19,Good lab food,40,Y,13.2,0,0,1076,2665,1
7,22-Nov-19,Good lab food,40,Y,13.6,0,0,455,3120,1
8,29-Nov-19,Good lab food,40,Y,13.9,0,0,586,3706,1
9,6-Dec-19,Good lab food,40,Y,14.2,0,0,1544,5250,1
10,13-Dec-19,Good lab food,40,Y,14.6,0,0,895,6145,1
11,20-Dec-19,Good lab food,40,Y,14.6,0,0,1922,8067,1
12,27-Dec-19,Good lab food,40,Y,15,0,0,829,8896,1
13,3-Jan-20,Good lab food,40,Y,15.9,0,0,1281,10177,1
14,10-Jan-20,Good lab food,40,Y,16.1,0,0,354,10531,1
15,17-Jan-20,Good lab food,40,Y,16.5,0,0,753,11284,1
16,24-Jan-20,Good lab food,40,Y,16.3,0,0,805,12089,1
17,31-Jan-20,Good lab food,40,Y,16.6,0,0,,,1
0,4-Oct-19,Good lab food,41,Y,4.4,0,0,0,0,1
1,11-Oct-19,Good lab food,41,Y,6.9,0,0,0,0,1
2,18-Oct-19,Good lab food,41,Y,9.3,0,0,0,0,1
3,25-Oct-19,Good lab food,41,Y,10.9,0,0,0,0,1
4,1-Nov-19,Good lab food,41,Y,11.4,0,0,777,777,1
5,8-Nov-19,Good lab food,41,Y,11.5,0,0,1537,2314,1
6,15-Nov-19,Good lab food,41,Y,11.9,0,0,1648,3962,1
7,22-Nov-19,Good lab food,41,Y,12.5,0,0,1235,5197,1
8,29-Nov-19,Good lab food,41,Y,12.8,0,0,999,6196,1
9,6-Dec-19,Good lab food,41,Y,13.3,0,0,1159,7355,1
10,13-Dec-19,Good lab food,41,Y,13.2,0,0,514,7869,1
11,20-Dec-19,Good lab food,41,Y,13.2,0,0,1839,9708,1
12,27-Dec-19,Good lab food,41,Y,13.9,0,0,1759,11467,1
13,3-Jan-20,Good lab food,41,Y,14.4,0,0,1031,12498,1
14,10-Jan-20,Good lab food,41,Y,14.2,0,0,316,12814,1
15,17-Jan-20,Good lab food,41,Y,14.1,0,0,1870,14684,1
16,24-Jan-20,Good lab food,41,Y,14.8,0,0,732,15416,1
17,31-Jan-20,Good lab food,41,Y,15,0,0,,,1
0,4-Oct-19,Good lab food,42,Y,4.3,0,0,0,0,1
1,11-Oct-19,Good lab food,42,Y,7.5,0,0,0,0,1
2,18-Oct-19,Good lab food,42,Y,9.8,0,0,0,0,1
3,25-Oct-19,Good lab food,42,Y,11.4,0,0,0,0,1
4,1-Nov-19,Good lab food,42,Y,12.3,0,0,1353,1353,1
5,8-Nov-19,Good lab food,42,Y,12.5,0,0,1228,2581,1
6,15-Nov-19,Good lab food,42,Y,13,0,0,1391,3972,1
7,22-Nov-19,Good lab food,42,Y,13.7,0,0,1409,5381,1
8,29-Nov-19,Good lab food,42,Y,14.1,0,0,2606,7987,1
9,6-Dec-19,Good lab food,42,Y,14.4,0,0,1024,9011,1
10,13-Dec-19,Good lab food,42,Y,14.6,0,0,847,9858,1
11,20-Dec-19,Good lab food,42,Y,14.6,0,0,1228,11086,1
12,27-Dec-19,Good lab food,42,Y,15.5,0,0,954,12040,1
13,3-Jan-20,Good lab food,42,Y,16,0,0,704,12744,1
14,10-Jan-20,Good lab food,42,Y,15.9,0,0,337,13081,1
15,17-Jan-20,Good lab food,42,Y,15.4,0,0,909,13990,1
16,24-Jan-20,Good lab food,42,Y,15.8,0,0,267,14257,1
17,31-Jan-20,Good lab food,42,Y,16.8,0,0,,,1
0,4-Oct-19,Good lab food,43,Y,4.4,0,0,0,0,1
1,11-Oct-19,Good lab food,43,Y,7.5,0,0,0,0,1
2,18-Oct-19,Good lab food,43,Y,9.4,0,0,0,0,1
3,25-Oct-19,Good lab food,43,Y,11,0,0,0,0,1
4,1-Nov-19,Good lab food,43,Y,11.5,0,0,1263,1263,1
5,8-Nov-19,Good lab food,43,Y,11.5,0,0,1152,2415,1
6,15-Nov-19,Good lab food,43,Y,11.7,0,0,1738,4153,1
7,22-Nov-19,Good lab food,43,Y,12.5,0,0,1326,5479,1
8,29-Nov-19,Good lab food,43,Y,12.9,0,0,2748,8227,1
9,6-Dec-19,Good lab food,43,Y,13.2,0,0,2224,10451,1
10,13-Dec-19,Good lab food,43,Y,13.2,0,0,868,11319,1
11,20-Dec-19,Good lab food,43,Y,13.2,0,0,1503,12822,1
12,27-Dec-19,Good lab food,43,Y,14,0,0,420,13242,1
13,3-Jan-20,Good lab food,43,Y,14,0,0,1926,15168,1
14,10-Jan-20,Good lab food,43,Y,13.8,0,0,510,15678,1
15,17-Jan-20,Good lab food,43,Y,13.2,0,0,1405,17083,1
16,24-Jan-20,Good lab food,43,Y,13.9,0,0,2401,19484,1
17,31-Jan-20,Good lab food,43,Y,14.4,0,0,,,1
0,4-Oct-19,Good lab food,44,Y,4,0,0,0,0,1
1,11-Oct-19,Good lab food,44,Y,6.7,0,0,0,0,1
2,18-Oct-19,Good lab food,44,Y,9.3,0,0,0,0,1
3,25-Oct-19,Good lab food,44,Y,11.1,0,0,0,0,1
4,1-Nov-19,Good lab food,44,Y,11.6,0,0,982,982,1
5,8-Nov-19,Good lab food,44,Y,11.5,0,0,670,1652,1
6,15-Nov-19,Good lab food,44,Y,11.6,0,0,2748,4400,1
7,22-Nov-19,Good lab food,44,Y,12.3,0,0,1069,5469,1
8,29-Nov-19,Good lab food,44,Y,12.7,0,0,2977,8446,1
9,6-Dec-19,Good lab food,44,Y,12.7,0,0,6,8452,1
10,13-Dec-19,Good lab food,44,Y,12.6,0,,,,0
11,20-Dec-19,Good lab food,44,Y,,,,,,0
12,27-Dec-19,Good lab food,44,Y,,,,,,0
13,3-Jan-20,Good lab food,44,Y,,,,,,0
14,10-Jan-20,Good lab food,44,Y,,,,,,0
15,17-Jan-20,Good lab food,44,Y,,,,,,0
16,24-Jan-20,Good lab food,44,Y,,,,,,0
17,31-Jan-20,Good lab food,44,Y,,,,,,0
0,4-Oct-19,Good lab food,45,Y,4.8,0,0,0,0,1
1,11-Oct-19,Good lab food,45,Y,7.3,0,0,0,0,1
2,18-Oct-19,Good lab food,45,Y,9.1,0,0,0,0,1
3,25-Oct-19,Good lab food,45,Y,11.2,0,0,6,6,1
4,1-Nov-19,Good lab food,45,Y,11.9,0,0,392,398,1
5,8-Nov-19,Good lab food,45,Y,12,0,0,843,1241,1
6,15-Nov-19,Good lab food,45,Y,12,0,0,238,1479,1
7,22-Nov-19,Good lab food,45,Y,12.8,0,0,347,1826,1
8,29-Nov-19,Good lab food,45,Y,13,0,0,423,2249,1
9,6-Dec-19,Good lab food,45,Y,13.4,0,0,427,2676,1
10,13-Dec-19,Good lab food,45,Y,13.1,0,,,,0
11,20-Dec-19,Good lab food,45,Y,,,,,,0
12,27-Dec-19,Good lab food,45,Y,,,,,,0
13,3-Jan-20,Good lab food,45,Y,,,,,,0
14,10-Jan-20,Good lab food,45,Y,,,,,,0
15,17-Jan-20,Good lab food,45,Y,,,,,,0
16,24-Jan-20,Good lab food,45,Y,,,,,,0
17,31-Jan-20,Good lab food,45,Y,,,,,,0
0,4-Oct-19,Good lab food,46,Y,4.5,0,0,0,0,1
1,11-Oct-19,Good lab food,46,Y,7.2,0,0,0,0,1
2,18-Oct-19,Good lab food,46,Y,9,0,0,0,0,1
3,25-Oct-19,Good lab food,46,Y,10.4,0,0,0,0,1
4,1-Nov-19,Good lab food,46,Y,12,0,0,114,114,1
5,8-Nov-19,Good lab food,46,Y,12.6,19,19,441,555,1
6,15-Nov-19,Good lab food,46,Y,12.9,0,19,583,1138,1
7,22-Nov-19,Good lab food,46,Y,13.5,0,19,437,1575,1
8,29-Nov-19,Good lab food,46,Y,13.4,0,19,767,2342,1
9,6-Dec-19,Good lab food,46,Y,13.6,0,19,611,2953,1
10,13-Dec-19,Good lab food,46,Y,13,0,19,711,3664,1
11,20-Dec-19,Good lab food,46,Y,13.1,0,19,628,4292,1
12,27-Dec-19,Good lab food,46,Y,14.4,0,19,1343,5635,1
13,3-Jan-20,Good lab food,46,Y,14,0,19,232,5867,1
14,10-Jan-20,Good lab food,46,Y,13.8,0,19,344,6211,1
15,17-Jan-20,Good lab food,46,Y,13.8,0,19,385,6596,1
16,24-Jan-20,Good lab food,46,Y,13.8,0,19,736,7332,1
17,31-Jan-20,Good lab food,46,Y,14,0,19,,,1
0,4-Oct-19,Good lab food,48,Y,4.2,0,0,0,0,1
1,11-Oct-19,Good lab food,48,Y,6.7,0,0,0,0,1
2,18-Oct-19,Good lab food,48,Y,8.8,0,0,0,0,1
3,25-Oct-19,Good lab food,48,Y,10.7,0,0,0,0,1
4,1-Nov-19,Good lab food,48,Y,12.3,0,0,472,472,1
5,8-Nov-19,Good lab food,48,Y,12.5,0,0,541,1013,1
6,15-Nov-19,Good lab food,48,Y,13,0,0,3366,4379,1
7,22-Nov-19,Good lab food,48,Y,14.2,0,0,1038,5417,1
8,29-Nov-19,Good lab food,48,Y,15.3,0,0,2377,7794,1
9,6-Dec-19,Good lab food,48,Y,16.2,0,0,1398,9192,1
10,13-Dec-19,Good lab food,48,Y,16.2,0,0,2655,11847,1
11,20-Dec-19,Good lab food,48,Y,16.6,0,0,1117,12964,1
12,27-Dec-19,Good lab food,48,Y,16.4,0,0,666,13630,1
13,3-Jan-20,Good lab food,48,Y,17,0,0,569,14199,1
14,10-Jan-20,Good lab food,48,Y,16.9,0,0,222,14421,1
15,17-Jan-20,Good lab food,48,Y,16.9,0,0,1388,15809,1
16,24-Jan-20,Good lab food,48,Y,17.3,0,0,750,16559,1
17,31-Jan-20,Good lab food,48,Y,17.2,0,0,,,1
0,4-Oct-19,Good lab food,49,Y,4,0,0,0,0,1
1,11-Oct-19,Good lab food,49,Y,6.3,0,0,0,0,1
2,18-Oct-19,Good lab food,49,Y,8.6,0,0,0,0,1
3,25-Oct-19,Good lab food,49,Y,10.5,0,0,0,0,1
4,1-Nov-19,Good lab food,49,Y,11.3,0,0,1860,1860,1
5,8-Nov-19,Good lab food,49,Y,11.5,0,0,1957,3817,1
6,15-Nov-19,Good lab food,49,Y,12,0,0,1773,5590,1
7,22-Nov-19,Good lab food,49,Y,12.8,0,0,861,6451,1
8,29-Nov-19,Good lab food,49,Y,13.3,0,0,2360,8811,1
9,6-Dec-19,Good lab food,49,Y,13.6,0,0,1832,10643,1
10,13-Dec-19,Good lab food,49,Y,14,0,0,1936,12579,1
11,20-Dec-19,Good lab food,49,Y,14.2,0,0,2314,14893,1
12,27-Dec-19,Good lab food,49,Y,14.6,0,0,1204,16097,1
13,3-Jan-20,Good lab food,49,Y,15,0,0,864,16961,1
14,10-Jan-20,Good lab food,49,Y,14.8,0,,,,0
15,17-Jan-20,Good lab food,49,Y,,,,,,0
16,24-Jan-20,Good lab food,49,Y,,,,,,0
17,31-Jan-20,Good lab food,49,Y,,,,,,0
0,4-Oct-19,Good lab food,50,Y,4.1,0,0,0,0,1
1,11-Oct-19,Good lab food,50,Y,6.5,0,0,0,0,1
2,18-Oct-19,Good lab food,50,Y,9,0,0,0,0,1
3,25-Oct-19,Good lab food,50,Y,10.9,0,0,0,0,1
4,1-Nov-19,Good lab food,50,Y,11.2,0,0,1145,1145,1
5,8-Nov-19,Good lab food,50,Y,11.7,0,0,1777,2922,1
6,15-Nov-19,Good lab food,50,Y,12.3,0,0,2446,5368,1
7,22-Nov-19,Good lab food,50,Y,13.4,0,0,507,5875,1
8,29-Nov-19,Good lab food,50,Y,14,0,0,1673,7548,1
9,6-Dec-19,Good lab food,50,Y,14.8,0,0,2596,10144,1
10,13-Dec-19,Good lab food,50,Y,15,0,0,1437,11581,1
11,20-Dec-19,Good lab food,50,Y,15.1,0,0,2509,14090,1
12,27-Dec-19,Good lab food,50,Y,15.9,0,0,1103,15193,1
13,3-Jan-20,Good lab food,50,Y,16.4,0,0,979,16172,1
14,10-Jan-20,Good lab food,50,Y,16.5,0,0,555,16727,1
15,17-Jan-20,Good lab food,50,Y,16.9,0,0,635,17362,1
16,24-Jan-20,Good lab food,50,Y,16.8,0,0,691,18053,1
17,31-Jan-20,Good lab food,50,Y,16.9,0,0,,,1
0,4-Oct-19,Good lab food,51,Y,4.7,0,0,0,0,1
1,11-Oct-19,Good lab food,51,Y,6.8,0,0,0,0,1
2,18-Oct-19,Good lab food,51,Y,8.8,0,0,0,0,1
3,25-Oct-19,Good lab food,51,Y,10.7,0,0,0,0,1
4,1-Nov-19,Good lab food,51,Y,11.2,0,0,1940,1940,1
5,8-Nov-19,Good lab food,51,Y,11.3,0,0,1090,3030,1
6,15-Nov-19,Good lab food,51,Y,11.5,0,0,1312,4342,1
7,22-Nov-19,Good lab food,51,Y,12.4,0,0,687,5029,1
8,29-Nov-19,Good lab food,51,Y,13,0,0,1447,6476,1
9,6-Dec-19,Good lab food,51,Y,13.5,0,0,2859,9335,1
10,13-Dec-19,Good lab food,51,Y,13.8,0,0,1527,10862,1
11,20-Dec-19,Good lab food,51,Y,14,0,0,2960,13822,1
12,27-Dec-19,Good lab food,51,Y,14,0,0,3147,16969,1
13,3-Jan-20,Good lab food,51,Y,14.5,0,0,427,17396,1
14,10-Jan-20,Good lab food,51,Y,14.5,0,0,1856,19252,1
15,17-Jan-20,Good lab food,51,Y,14.7,0,0,3519,22771,1
16,24-Jan-20,Good lab food,51,Y,14.8,0,0,2269,25040,1
17,31-Jan-20,Good lab food,51,Y,14.9,0,0,,,1
0,4-Oct-19,Good lab food,52,Y,4.8,0,0,0,0,1
1,11-Oct-19,Good lab food,52,Y,7.5,0,0,0,0,1
2,18-Oct-19,Good lab food,52,Y,9.5,0,0,0,0,1
3,25-Oct-19,Good lab food,52,Y,10.9,0,0,0,0,1
4,1-Nov-19,Good lab food,52,Y,12.2,0,0,1197,1197,1
5,8-Nov-19,Good lab food,52,Y,12.7,0,0,1520,2717,1
6,15-Nov-19,Good lab food,52,Y,12.9,0,0,743,3460,1
7,22-Nov-19,Good lab food,52,Y,13.7,0,0,385,3845,1
8,29-Nov-19,Good lab food,52,Y,14.1,0,0,229,4074,1
9,6-Dec-19,Good lab food,52,Y,14.4,0,0,1822,5896,1
10,13-Dec-19,Good lab food,52,Y,14.1,0,0,385,6281,1
11,20-Dec-19,Good lab food,52,Y,14.2,0,0,1856,8137,1
12,27-Dec-19,Good lab food,52,Y,14.7,0,0,1575,9712,1
13,3-Jan-20,Good lab food,52,Y,14.8,0,0,135,9847,1
14,10-Jan-20,Good lab food,52,Y,14.8,0,0,354,10201,1
15,17-Jan-20,Good lab food,52,Y,14.8,0,0,1933,12134,1
16,24-Jan-20,Good lab food,52,Y,14.8,0,0,500,12634,1
17,31-Jan-20,Good lab food,52,Y,15.6,0,0,,,1
0,4-Oct-19,Good lab food,53,N,4.3,0,0,,,1
1,11-Oct-19,Good lab food,53,N,,,,,,0
2,18-Oct-19,Good lab food,53,N,,,,,,0
3,25-Oct-19,Good lab food,53,N,,,,,,0
4,1-Nov-19,Good lab food,53,N,,,,,,0
5,8-Nov-19,Good lab food,53,N,,,,,,0
6,15-Nov-19,Good lab food,53,N,,,,,,0
7,22-Nov-19,Good lab food,53,N,,,,,,0
8,29-Nov-19,Good lab food,53,N,,,,,,0
9,6-Dec-19,Good lab food,53,N,,,,,,0
10,13-Dec-19,Good lab food,53,N,,,,,,0
11,20-Dec-19,Good lab food,53,N,,,,,,0
12,27-Dec-19,Good lab food,53,N,,,,,,0
13,3-Jan-20,Good lab food,53,N,,,,,,0
14,10-Jan-20,Good lab food,53,N,,,,,,0
15,17-Jan-20,Good lab food,53,N,,,,,,0
16,24-Jan-20,Good lab food,53,N,,,,,,0
17,31-Jan-20,Good lab food,53,N,,,,,,0
0,4-Oct-19,Good lab food,54,N,4.1,0,0,,,1
1,11-Oct-19,Good lab food,54,N,7.4,0,0,,,1
2,18-Oct-19,Good lab food,54,N,8.8,0,0,,,1
3,25-Oct-19,Good lab food,54,N,10.2,0,0,,,1
4,1-Nov-19,Good lab food,54,N,11.5,0,0,,,1
5,8-Nov-19,Good lab food,54,N,11.9,22,22,,,1
6,15-Nov-19,Good lab food,54,N,12.5,20,42,,,1
7,22-Nov-19,Good lab food,54,N,13.2,0,42,,,1
8,29-Nov-19,Good lab food,54,N,14,0,42,,,1
9,6-Dec-19,Good lab food,54,N,14.9,0,42,,,1
10,13-Dec-19,Good lab food,54,N,15.4,0,42,,,1
11,20-Dec-19,Good lab food,54,N,15.5,0,42,,,1
12,27-Dec-19,Good lab food,54,N,16.2,0,42,,,1
13,3-Jan-20,Good lab food,54,N,16.4,0,42,,,1
14,10-Jan-20,Good lab food,54,N,16.6,0,42,,,1
15,17-Jan-20,Good lab food,54,N,16.8,0,42,,,1
16,24-Jan-20,Good lab food,54,N,17.1,0,42,,,1
17,31-Jan-20,Good lab food,54,N,18.1,0,42,,,1
0,4-Oct-19,Good lab food,55,N,4.4,0,0,,,1
1,11-Oct-19,Good lab food,55,N,6.8,0,0,,,1
2,18-Oct-19,Good lab food,55,N,8.9,0,0,,,1
3,25-Oct-19,Good lab food,55,N,10.1,0,0,,,1
4,1-Nov-19,Good lab food,55,N,11.3,17,17,,,1
5,8-Nov-19,Good lab food,55,N,11.7,0,17,,,1
6,15-Nov-19,Good lab food,55,N,12.5,20,37,,,1
7,22-Nov-19,Good lab food,55,N,13.3,48,85,,,1
8,29-Nov-19,Good lab food,55,N,13.8,0,85,,,1
9,6-Dec-19,Good lab food,55,N,14.4,25,110,,,1
10,13-Dec-19,Good lab food,55,N,14.5,23,133,,,1
11,20-Dec-19,Good lab food,55,N,14.5,0,133,,,1
12,27-Dec-19,Good lab food,55,N,15,0,133,,,1
13,3-Jan-20,Good lab food,55,N,15.7,0,133,,,1
14,10-Jan-20,Good lab food,55,N,15.7,26,159,,,1
15,17-Jan-20,Good lab food,55,N,15.7,0,159,,,1
16,24-Jan-20,Good lab food,55,N,16.3,0,159,,,1
17,31-Jan-20,Good lab food,55,N,16.9,0,159,,,1
0,4-Oct-19,Good lab food,56,N,4.2,0,0,,,1
1,11-Oct-19,Good lab food,56,N,7.1,0,0,,,1
2,18-Oct-19,Good lab food,56,N,9,0,0,,,1
3,25-Oct-19,Good lab food,56,N,10,0,0,,,1
4,1-Nov-19,Good lab food,56,N,11.5,0,0,,,1
5,8-Nov-19,Good lab food,56,N,12.2,19,19,,,1
6,15-Nov-19,Good lab food,56,N,12.9,0,19,,,1
7,22-Nov-19,Good lab food,56,N,13.5,15,34,,,1
8,29-Nov-19,Good lab food,56,N,14.4,14,48,,,1
9,6-Dec-19,Good lab food,56,N,15.1,34,82,,,1
10,13-Dec-19,Good lab food,56,N,15.5,33,115,,,1
11,20-Dec-19,Good lab food,56,N,15.5,0,115,,,1
12,27-Dec-19,Good lab food,56,N,16.4,0,115,,,1
13,3-Jan-20,Good lab food,56,N,16.8,0,115,,,1
14,10-Jan-20,Good lab food,56,N,16.7,0,115,,,1
15,17-Jan-20,Good lab food,56,N,16.8,0,115,,,1
16,24-Jan-20,Good lab food,56,N,16.8,65,180,,,1
17,31-Jan-20,Good lab food,56,N,17,54,234,,,1
0,4-Oct-19,Good lab food,57,N,4.2,0,0,,,1
1,11-Oct-19,Good lab food,57,N,5.3,0,0,,,1
2,18-Oct-19,Good lab food,57,N,8.2,0,0,,,1
3,25-Oct-19,Good lab food,57,N,10,0,0,,,1
4,1-Nov-19,Good lab food,57,N,11.1,0,0,,,1
5,8-Nov-19,Good lab food,57,N,11.7,0,0,,,1
6,15-Nov-19,Good lab food,57,N,12.3,23,23,,,1
7,22-Nov-19,Good lab food,57,N,13.1,100,123,,,1
8,29-Nov-19,Good lab food,57,N,13.7,63,186,,,1
9,6-Dec-19,Good lab food,57,N,14.1,0,186,,,1
10,13-Dec-19,Good lab food,57,N,14.4,10,196,,,1
11,20-Dec-19,Good lab food,57,N,14.8,0,196,,,1
12,27-Dec-19,Good lab food,57,N,15.2,0,196,,,1
13,3-Jan-20,Good lab food,57,N,16,0,196,,,1
14,10-Jan-20,Good lab food,57,N,16,15,211,,,1
15,17-Jan-20,Good lab food,57,N,16.1,0,211,,,1
16,24-Jan-20,Good lab food,57,N,16.1,0,211,,,1
17,31-Jan-20,Good lab food,57,N,16.7,0,211,,,1
0,4-Oct-19,Good lab food,58,N,4.9,0,0,,,1
1,11-Oct-19,Good lab food,58,N,7.6,0,0,,,1
2,18-Oct-19,Good lab food,58,N,9,0,0,,,1
3,25-Oct-19,Good lab food,58,N,10,0,0,,,1
4,1-Nov-19,Good lab food,58,N,11.1,34,34,,,1
5,8-Nov-19,Good lab food,58,N,11.3,0,34,,,1
6,15-Nov-19,Good lab food,58,N,11.8,49,83,,,1
7,22-Nov-19,Good lab food,58,N,12.3,112,195,,,1
8,29-Nov-19,Good lab food,58,N,13.1,52,247,,,1
9,6-Dec-19,Good lab food,58,N,13.7,33,280,,,1
10,13-Dec-19,Good lab food,58,N,13.8,16,296,,,1
11,20-Dec-19,Good lab food,58,N,14,0,296,,,1
12,27-Dec-19,Good lab food,58,N,14.9,0,296,,,1
13,3-Jan-20,Good lab food,58,N,15,18,314,,,1
14,10-Jan-20,Good lab food,58,N,15.1,29,343,,,1
15,17-Jan-20,Good lab food,58,N,15,108,451,,,1
16,24-Jan-20,Good lab food,58,N,15.1,82,533,,,1
17,31-Jan-20,Good lab food,58,N,15.2,130,663,,,1
0,4-Oct-19,Azolla,61,Y,4.2,0,0,0,0,1
1,11-Oct-19,Azolla,61,Y,5.5,0,0,0,0,1
2,18-Oct-19,Azolla,61,Y,7.3,0,0,0,0,1
3,25-Oct-19,Azolla,61,Y,9.3,0,0,13,13,1
4,1-Nov-19,Azolla,61,Y,9.8,0,0,611,624,1
5,8-Nov-19,Azolla,61,Y,11,0,0,951,1575,1
6,15-Nov-19,Azolla,61,Y,11.2,0,0,1332,2907,1
7,22-Nov-19,Azolla,61,Y,11.5,0,0,479,3386,1
8,29-Nov-19,Azolla,61,Y,11.8,0,0,1704,5090,1
9,6-Dec-19,Azolla,61,Y,11.2,0,0,243,5333,1
10,13-Dec-19,Azolla,61,Y,12,0,,,,0
11,20-Dec-19,Azolla,61,Y,,,,,,0
12,27-Dec-19,Azolla,61,Y,,,,,,0
13,3-Jan-20,Azolla,61,Y,,,,,,0
14,10-Jan-20,Azolla,61,Y,,,,,,0
15,17-Jan-20,Azolla,61,Y,,,,,,0
16,24-Jan-20,Azolla,61,Y,,,,,,0
17,31-Jan-20,Azolla,61,Y,,,,,,0
0,4-Oct-19,Azolla,62,Y,4.8,0,0,0,0,1
1,11-Oct-19,Azolla,62,Y,6.6,0,0,0,0,1
2,18-Oct-19,Azolla,62,Y,8.6,0,0,0,0,1
3,25-Oct-19,Azolla,62,Y,10.2,0,0,278,278,1
4,1-Nov-19,Azolla,62,Y,10.7,0,0,1405,1683,1
5,8-Nov-19,Azolla,62,Y,10.7,0,0,691,2374,1
6,15-Nov-19,Azolla,62,Y,10.9,0,0,1575,3949,1
7,22-Nov-19,Azolla,62,Y,11.5,0,0,1711,5660,1
8,29-Nov-19,Azolla,62,Y,12,0,0,2835,8495,1
9,6-Dec-19,Azolla,62,Y,12.2,0,0,1801,10296,1
10,13-Dec-19,Azolla,62,Y,12.5,0,0,680,10976,1
11,20-Dec-19,Azolla,62,Y,12.8,0,0,1482,12458,1
12,27-Dec-19,Azolla,62,Y,,,,,,0
13,3-Jan-20,Azolla,62,Y,,,,,,0
14,10-Jan-20,Azolla,62,Y,,,,,,0
15,17-Jan-20,Azolla,62,Y,,,,,,0
16,24-Jan-20,Azolla,62,Y,,,,,,0
17,31-Jan-20,Azolla,62,Y,,,,,,0
0,4-Oct-19,Azolla,63,Y,4.8,0,0,0,0,1
1,11-Oct-19,Azolla,63,Y,6.7,0,0,0,0,1
2,18-Oct-19,Azolla,63,Y,8.1,0,0,0,0,1
3,25-Oct-19,Azolla,63,Y,9.7,0,0,0,0,1
4,1-Nov-19,Azolla,63,Y,10.6,0,0,570,570,1
5,8-Nov-19,Azolla,63,Y,11.3,0,0,538,1108,1
6,15-Nov-19,Azolla,63,Y,12.3,0,0,1187,2295,1
7,22-Nov-19,Azolla,63,Y,12.8,0,0,926,3221,1
8,29-Nov-19,Azolla,63,Y,12.8,0,0,1905,5126,1
9,6-Dec-19,Azolla,63,Y,13.1,0,0,1586,6712,1
10,13-Dec-19,Azolla,63,Y,13.4,0,0,774,7486,1
11,20-Dec-19,Azolla,63,Y,13.1,0,0,840,8326,1
12,27-Dec-19,Azolla,63,Y,,,,,,0
13,3-Jan-20,Azolla,63,Y,,,,,,0
14,10-Jan-20,Azolla,63,Y,,,,,,0
15,17-Jan-20,Azolla,63,Y,,,,,,0
16,24-Jan-20,Azolla,63,Y,,,,,,0
17,31-Jan-20,Azolla,63,Y,,,,,,0
0,4-Oct-19,Azolla,64,Y,4,0,0,0,0,1
1,11-Oct-19,Azolla,64,Y,5.3,0,0,0,0,1
2,18-Oct-19,Azolla,64,Y,7.5,0,0,0,0,1
3,25-Oct-19,Azolla,64,Y,8.8,0,0,180,180,1
4,1-Nov-19,Azolla,64,Y,9.6,0,0,718,898,1
5,8-Nov-19,Azolla,64,Y,9.7,0,0,423,1321,1
6,15-Nov-19,Azolla,64,Y,10,0,0,1596,2917,1
7,22-Nov-19,Azolla,64,Y,10.4,0,0,1603,4520,1
8,29-Nov-19,Azolla,64,Y,10.9,0,0,2353,6873,1
9,6-Dec-19,Azolla,64,Y,11.5,0,0,645,7518,1
10,13-Dec-19,Azolla,64,Y,11.4,0,0,448,7966,1
11,20-Dec-19,Azolla,64,Y,11.4,0,0,153,8119,1
12,27-Dec-19,Azolla,64,Y,,,,,,0
13,3-Jan-20,Azolla,64,Y,,,,,,0
14,10-Jan-20,Azolla,64,Y,,,,,,0
15,17-Jan-20,Azolla,64,Y,,,,,,0
16,24-Jan-20,Azolla,64,Y,,,,,,0
17,31-Jan-20,Azolla,64,Y,,,,,,0
0,4-Oct-19,Azolla,65,Y,5,0,0,0,0,1
1,11-Oct-19,Azolla,65,Y,6.2,0,0,0,0,1
2,18-Oct-19,Azolla,65,Y,7.1,0,0,0,0,1
3,25-Oct-19,Azolla,65,Y,8.6,0,0,142,142,1
4,1-Nov-19,Azolla,65,Y,8.9,0,0,340,482,1
5,8-Nov-19,Azolla,65,Y,9.3,0,0,389,871,1
6,15-Nov-19,Azolla,65,Y,9.4,0,0,1402,2273,1
7,22-Nov-19,Azolla,65,Y,10.5,0,0,1048,3321,1
8,29-Nov-19,Azolla,65,Y,10.5,0,0,2995,6316,1
9,6-Dec-19,Azolla,65,Y,11.1,0,0,802,7118,1
10,13-Dec-19,Azolla,65,Y,11.5,0,0,933,8051,1
11,20-Dec-19,Azolla,65,Y,11.8,0,0,961,9012,1
12,27-Dec-19,Azolla,65,Y,,,,,,0
13,3-Jan-20,Azolla,65,Y,,,,,,0
14,10-Jan-20,Azolla,65,Y,,,,,,0
15,17-Jan-20,Azolla,65,Y,,,,,,0
16,24-Jan-20,Azolla,65,Y,,,,,,0
17,31-Jan-20,Azolla,65,Y,,,,,,0
0,4-Oct-19,Azolla,66,Y,4,0,0,0,0,1
1,11-Oct-19,Azolla,66,Y,5.3,0,0,0,0,1
2,18-Oct-19,Azolla,66,Y,7.7,0,0,0,0,1
3,25-Oct-19,Azolla,66,Y,10.8,0,0,34,34,1
4,1-Nov-19,Azolla,66,Y,11.6,0,0,514,548,1
5,8-Nov-19,Azolla,66,Y,11.7,0,0,465,1013,1
6,15-Nov-19,Azolla,66,Y,12,0,0,920,1933,1
7,22-Nov-19,Azolla,66,Y,12.6,0,0,750,2683,1
8,29-Nov-19,Azolla,66,Y,13.2,0,0,1374,4057,1
9,6-Dec-19,Azolla,66,Y,13.5,0,0,278,4335,1
10,13-Dec-19,Azolla,66,Y,13.6,0,0,722,5057,1
11,20-Dec-19,Azolla,66,Y,13.9,0,0,205,5262,1
12,27-Dec-19,Azolla,66,Y,,,,,,0
13,3-Jan-20,Azolla,66,Y,,,,,,0
14,10-Jan-20,Azolla,66,Y,,,,,,0
15,17-Jan-20,Azolla,66,Y,,,,,,0
16,24-Jan-20,Azolla,66,Y,,,,,,0
17,31-Jan-20,Azolla,66,Y,,,,,,0
0,4-Oct-19,Azolla,67,Y,4.9,0,0,0,0,1
1,11-Oct-19,Azolla,67,Y,7,0,0,0,0,1
2,18-Oct-19,Azolla,67,Y,8.4,0,0,0,0,1
3,25-Oct-19,Azolla,67,Y,10.5,0,0,12,12,1
4,1-Nov-19,Azolla,67,Y,11.5,0,0,1794,1806,1
5,8-Nov-19,Azolla,67,Y,12.5,0,0,874,2680,1
6,15-Nov-19,Azolla,67,Y,12.9,0,0,2082,4762,1
7,22-Nov-19,Azolla,67,Y,13.4,0,0,1013,5775,1
8,29-Nov-19,Azolla,67,Y,14,0,0,2429,8204,1
9,6-Dec-19,Azolla,67,Y,14.4,0,0,1169,9373,1
10,13-Dec-19,Azolla,67,Y,14.5,0,0,455,9828,1
11,20-Dec-19,Azolla,67,Y,14.5,0,0,368,10196,1
12,27-Dec-19,Azolla,67,Y,,,,,,0
13,3-Jan-20,Azolla,67,Y,,,,,,0
14,10-Jan-20,Azolla,67,Y,,,,,,0
15,17-Jan-20,Azolla,67,Y,,,,,,0
16,24-Jan-20,Azolla,67,Y,,,,,,0
17,31-Jan-20,Azolla,67,Y,,,,,,0
0,4-Oct-19,Azolla,68,Y,4.5,0,0,0,0,1
1,11-Oct-19,Azolla,68,Y,6.3,0,0,0,0,1
2,18-Oct-19,Azolla,68,Y,8.4,0,0,0,0,1
3,25-Oct-19,Azolla,68,Y,10.4,0,0,71,71,1
4,1-Nov-19,Azolla,68,Y,10.9,0,0,1357,1428,1
5,8-Nov-19,Azolla,68,Y,11.4,0,0,1593,3021,1
6,15-Nov-19,Azolla,68,Y,12.2,0,0,3165,6186,1
7,22-Nov-19,Azolla,68,Y,12.8,0,0,1679,7865,1
8,29-Nov-19,Azolla,68,Y,13.5,0,0,2495,10360,1
9,6-Dec-19,Azolla,68,Y,13.8,0,0,670,11030,1
10,13-Dec-19,Azolla,68,Y,14.3,0,0,770,11800,1
11,20-Dec-19,Azolla,68,Y,14.6,0,0,1208,13008,1
12,27-Dec-19,Azolla,68,Y,,,,,,0
13,3-Jan-20,Azolla,68,Y,,,,,,0
14,10-Jan-20,Azolla,68,Y,,,,,,0
15,17-Jan-20,Azolla,68,Y,,,,,,0
16,24-Jan-20,Azolla,68,Y,,,,,,0
17,31-Jan-20,Azolla,68,Y,,,,,,0
0,4-Oct-19,Azolla,69,Y,4.5,0,0,0,0,1
1,11-Oct-19,Azolla,69,Y,5.6,0,0,0,0,1
2,18-Oct-19,Azolla,69,Y,7.6,0,0,0,0,1
3,25-Oct-19,Azolla,69,Y,9.5,0,0,51,51,1
4,1-Nov-19,Azolla,69,Y,9.8,0,0,611,662,1
5,8-Nov-19,Azolla,69,Y,10.1,0,0,871,1533,1
6,15-Nov-19,Azolla,69,Y,10.3,0,0,885,2418,1
7,22-Nov-19,Azolla,69,Y,10.4,0,0,576,2994,1
8,29-Nov-19,Azolla,69,Y,10.9,0,0,2547,5541,1
9,6-Dec-19,Azolla,69,Y,11.8,0,0,1326,6867,1
10,13-Dec-19,Azolla,69,Y,11.6,0,0,486,7353,1
11,20-Dec-19,Azolla,69,Y,11.7,0,0,1010,8363,1
12,27-Dec-19,Azolla,69,Y,,,,,,0
13,3-Jan-20,Azolla,69,Y,,,,,,0
14,10-Jan-20,Azolla,69,Y,,,,,,0
15,17-Jan-20,Azolla,69,Y,,,,,,0
16,24-Jan-20,Azolla,69,Y,,,,,,0
17,31-Jan-20,Azolla,69,Y,,,,,,0
0,4-Oct-19,Azolla,70,Y,5,0,0,0,0,1
1,11-Oct-19,Azolla,70,Y,6.2,0,0,0,0,1
2,18-Oct-19,Azolla,70,Y,8.6,0,0,0,0,1
3,25-Oct-19,Azolla,70,Y,10.5,0,0,20,20,1
4,1-Nov-19,Azolla,70,Y,10.6,0,0,1124,1144,1
5,8-Nov-19,Azolla,70,Y,10.8,0,0,996,2140,1
6,15-Nov-19,Azolla,70,Y,11.3,0,0,1419,3559,1
7,22-Nov-19,Azolla,70,Y,11.5,0,0,972,4531,1
8,29-Nov-19,Azolla,70,Y,11,0,0,1426,5957,1
9,6-Dec-19,Azolla,70,Y,11,0,0,420,6377,1
10,13-Dec-19,Azolla,70,Y,11.3,0,0,232,6609,1
11,20-Dec-19,Azolla,70,Y,11.3,0,0,0,6609,1
12,27-Dec-19,Azolla,70,Y,,,,,,0
13,3-Jan-20,Azolla,70,Y,,,,,,0
14,10-Jan-20,Azolla,70,Y,,,,,,0
15,17-Jan-20,Azolla,70,Y,,,,,,0
16,24-Jan-20,Azolla,70,Y,,,,,,0
17,31-Jan-20,Azolla,70,Y,,,,,,0
0,4-Oct-19,Azolla,72,Y,4.3,0,0,0,0,1
1,11-Oct-19,Azolla,72,Y,6.1,0,0,0,0,1
2,18-Oct-19,Azolla,72,Y,8.3,0,0,0,0,1
3,25-Oct-19,Azolla,72,Y,10.8,0,0,10,10,1
4,1-Nov-19,Azolla,72,Y,11.2,0,0,527,537,1
5,8-Nov-19,Azolla,72,Y,11.7,0,0,1326,1863,1
6,15-Nov-19,Azolla,72,Y,12.2,0,0,2467,4330,1
7,22-Nov-19,Azolla,72,Y,13,0,0,2144,6474,1
8,29-Nov-19,Azolla,72,Y,13.6,0,0,1971,8445,1
9,6-Dec-19,Azolla,72,Y,13.7,0,0,326,8771,1
10,13-Dec-19,Azolla,72,Y,14.1,0,0,854,9625,1
11,20-Dec-19,Azolla,72,Y,14.5,0,0,486,10111,1
12,27-Dec-19,Azolla,72,Y,,,,,,0
13,3-Jan-20,Azolla,72,Y,,,,,,0
14,10-Jan-20,Azolla,72,Y,,,,,,0
15,17-Jan-20,Azolla,72,Y,,,,,,0
16,24-Jan-20,Azolla,72,Y,,,,,,0
17,31-Jan-20,Azolla,72,Y,,,,,,0
0,4-Oct-19,Azolla,73,Y,5,0,0,0,0,1
1,11-Oct-19,Azolla,73,Y,6,0,0,0,0,1
2,18-Oct-19,Azolla,73,Y,8.5,0,0,0,0,1
3,25-Oct-19,Azolla,73,Y,10.5,0,0,13,13,1
4,1-Nov-19,Azolla,73,Y,10.8,0,0,819,832,1
5,8-Nov-19,Azolla,73,Y,11.5,0,0,1149,1981,1
6,15-Nov-19,Azolla,73,Y,12.1,0,0,2061,4042,1
7,22-Nov-19,Azolla,73,Y,12.8,0,0,1208,5250,1
8,29-Nov-19,Azolla,73,Y,13.5,0,0,1388,6638,1
9,6-Dec-19,Azolla,73,Y,13.9,0,0,878,7516,1
10,13-Dec-19,Azolla,73,Y,14.3,0,0,330,7846,1
11,20-Dec-19,Azolla,73,Y,14.7,0,0,434,8280,1
12,27-Dec-19,Azolla,73,Y,,,,,,0
13,3-Jan-20,Azolla,73,Y,,,,,,0
14,10-Jan-20,Azolla,73,Y,,,,,,0
15,17-Jan-20,Azolla,73,Y,,,,,,0
16,24-Jan-20,Azolla,73,Y,,,,,,0
17,31-Jan-20,Azolla,73,Y,,,,,,0
0,4-Oct-19,Azolla,74,Y,4.9,0,0,0,0,1
1,11-Oct-19,Azolla,74,Y,6.4,0,0,0,0,1
2,18-Oct-19,Azolla,74,Y,8.8,0,0,0,0,1
3,25-Oct-19,Azolla,74,Y,11.1,0,0,94,94,1
4,1-Nov-19,Azolla,74,Y,11.4,0,0,1620,1714,1
5,8-Nov-19,Azolla,74,Y,12.3,0,0,972,2686,1
6,15-Nov-19,Azolla,74,Y,12.9,0,0,1867,4553,1
7,22-Nov-19,Azolla,74,Y,12.9,0,0,729,5282,1
8,29-Nov-19,Azolla,74,Y,12.8,0,0,2099,7381,1
9,6-Dec-19,Azolla,74,Y,13.1,0,0,1086,8467,1
10,13-Dec-19,Azolla,74,Y,13.5,0,0,486,8953,1
11,20-Dec-19,Azolla,74,Y,13.3,0,0,205,9158,1
12,27-Dec-19,Azolla,74,Y,,,,,,0
13,3-Jan-20,Azolla,74,Y,,,,,,0
14,10-Jan-20,Azolla,74,Y,,,,,,0
15,17-Jan-20,Azolla,74,Y,,,,,,0
16,24-Jan-20,Azolla,74,Y,,,,,,0
17,31-Jan-20,Azolla,74,Y,,,,,,0
0,4-Oct-19,Azolla,75,Y,4.1,0,0,0,0,1
1,11-Oct-19,Azolla,75,Y,5.6,0,0,0,0,1
2,18-Oct-19,Azolla,75,Y,8,0,0,0,0,1
3,25-Oct-19,Azolla,75,Y,10.2,0,0,0,0,1
4,1-Nov-19,Azolla,75,Y,10.8,0,0,559,559,1
5,8-Nov-19,Azolla,75,Y,11,0,0,437,996,1
6,15-Nov-19,Azolla,75,Y,11.5,0,0,520,1516,1
7,22-Nov-19,Azolla,75,Y,12.5,0,0,1162,2678,1
8,29-Nov-19,Azolla,75,Y,12.8,0,0,1419,4097,1
9,6-Dec-19,Azolla,75,Y,13.3,0,0,843,4940,1
10,13-Dec-19,Azolla,75,Y,13.4,0,0,486,5426,1
11,20-Dec-19,Azolla,75,Y,14.5,0,0,562,5988,1
12,27-Dec-19,Azolla,75,Y,,,,,,0
13,3-Jan-20,Azolla,75,Y,,,,,,0
14,10-Jan-20,Azolla,75,Y,,,,,,0
15,17-Jan-20,Azolla,75,Y,,,,,,0
16,24-Jan-20,Azolla,75,Y,,,,,,0
17,31-Jan-20,Azolla,75,Y,,,,,,0
0,4-Oct-19,Azolla,77,Y,4.1,0,0,0,0,1
1,11-Oct-19,Azolla,77,Y,6.9,0,0,0,0,1
2,18-Oct-19,Azolla,77,Y,8.7,0,0,0,0,1
3,25-Oct-19,Azolla,77,Y,10.6,0,0,0,0,1
4,1-Nov-19,Azolla,77,Y,11.8,0,0,150,150,1
5,8-Nov-19,Azolla,77,Y,13.5,0,0,235,385,1
6,15-Nov-19,Azolla,77,Y,13.2,0,0,1280,1665,1
7,22-Nov-19,Azolla,77,Y,13.5,0,0,413,2078,1
8,29-Nov-19,Azolla,77,Y,13.9,0,0,2,2080,1
9,6-Dec-19,Azolla,77,Y,12.4,0,0,975,3055,1
10,13-Dec-19,Azolla,77,Y,12.9,0,0,652,3707,1
11,20-Dec-19,Azolla,77,Y,12.9,0,0,947,4654,1
12,27-Dec-19,Azolla,77,Y,,,,,,0
13,3-Jan-20,Azolla,77,Y,,,,,,0
14,10-Jan-20,Azolla,77,Y,,,,,,0
15,17-Jan-20,Azolla,77,Y,,,,,,0
16,24-Jan-20,Azolla,77,Y,,,,,,0
17,31-Jan-20,Azolla,77,Y,,,,,,0
0,4-Oct-19,Azolla,79,Y,4.4,0,0,0,0,1
1,11-Oct-19,Azolla,79,Y,6.6,0,0,0,0,1
2,18-Oct-19,Azolla,79,Y,8.8,0,0,0,0,1
3,25-Oct-19,Azolla,79,Y,10.3,0,0,49,49,1
4,1-Nov-19,Azolla,79,Y,11.3,0,0,2092,2141,1
5,8-Nov-19,Azolla,79,Y,11.7,0,0,1149,3290,1
6,15-Nov-19,Azolla,79,Y,12.2,0,0,2537,5827,1
7,22-Nov-19,Azolla,79,Y,12.2,0,0,1627,7454,1
8,29-Nov-19,Azolla,79,Y,12.2,0,0,822,8276,1
9,6-Dec-19,Azolla,79,Y,14,0,0,507,8783,1
10,13-Dec-19,Azolla,79,Y,14.7,0,0,180,8963,1
11,20-Dec-19,Azolla,79,Y,14.7,0,0,330,9293,1
12,27-Dec-19,Azolla,79,Y,,,,,,0
13,3-Jan-20,Azolla,79,Y,,,,,,0
14,10-Jan-20,Azolla,79,Y,,,,,,0
15,17-Jan-20,Azolla,79,Y,,,,,,0
16,24-Jan-20,Azolla,79,Y,,,,,,0
17,31-Jan-20,Azolla,79,Y,,,,,,0
0,4-Oct-19,Azolla,81,Y,5,0,0,0,0,1
1,11-Oct-19,Azolla,81,Y,7.3,0,0,0,0,1
2,18-Oct-19,Azolla,81,Y,9.3,0,0,0,0,1
3,25-Oct-19,Azolla,81,Y,10.3,0,0,116,116,1
4,1-Nov-19,Azolla,81,Y,11,0,0,805,921,1
5,8-Nov-19,Azolla,81,Y,11.6,0,0,1888,2809,1
6,15-Nov-19,Azolla,81,Y,12.2,0,0,1683,4492,1
7,22-Nov-19,Azolla,81,Y,12.7,0,0,1801,6293,1
8,29-Nov-19,Azolla,81,Y,12.8,0,0,2887,9180,1
9,6-Dec-19,Azolla,81,Y,13.5,0,0,1732,10912,1
10,13-Dec-19,Azolla,81,Y,13.1,0,0,2436,13348,1
11,20-Dec-19,Azolla,81,Y,13.2,0,0,593,13941,1
12,27-Dec-19,Azolla,81,Y,,,,,,0
13,3-Jan-20,Azolla,81,Y,,,,,,0
14,10-Jan-20,Azolla,81,Y,,,,,,0
15,17-Jan-20,Azolla,81,Y,,,,,,0
16,24-Jan-20,Azolla,81,Y,,,,,,0
17,31-Jan-20,Azolla,81,Y,,,,,,0
0,4-Oct-19,Azolla,82,Y,4.1,0,0,0,0,1
1,11-Oct-19,Azolla,82,Y,6,0,0,0,0,1
2,18-Oct-19,Azolla,82,Y,8.4,0,0,0,0,1
3,25-Oct-19,Azolla,82,Y,10.1,0,0,0,0,1
4,1-Nov-19,Azolla,82,Y,11.4,0,0,104,104,1
5,8-Nov-19,Azolla,82,Y,12.5,0,0,329,433,1
6,15-Nov-19,Azolla,82,Y,12.7,0,0,611,1044,1
7,22-Nov-19,Azolla,82,Y,13.6,0,0,909,1953,1
8,29-Nov-19,Azolla,82,Y,13.7,0,0,1461,3414,1
9,6-Dec-19,Azolla,82,Y,14,0,0,930,4344,1
10,13-Dec-19,Azolla,82,Y,14.3,0,0,1326,5670,1
11,20-Dec-19,Azolla,82,Y,14.4,0,0,1371,7041,1
12,27-Dec-19,Azolla,82,Y,,,,,,0
13,3-Jan-20,Azolla,82,Y,,,,,,0
14,10-Jan-20,Azolla,82,Y,,,,,,0
15,17-Jan-20,Azolla,82,Y,,,,,,0
16,24-Jan-20,Azolla,82,Y,,,,,,0
17,31-Jan-20,Azolla,82,Y,,,,,,0
0,4-Oct-19,Azolla,83,N,4,0,0,,,1
1,11-Oct-19,Azolla,83,N,6.5,0,0,,,1
2,18-Oct-19,Azolla,83,N,8.9,0,0,,,1
3,25-Oct-19,Azolla,83,N,10,0,0,,,1
4,1-Nov-19,Azolla,83,N,11.2,0,0,,,1
5,8-Nov-19,Azolla,83,N,12.3,0,0,,,1
6,15-Nov-19,Azolla,83,N,12.4,0,0,,,1
7,22-Nov-19,Azolla,83,N,13.1,0,0,,,1
8,29-Nov-19,Azolla,83,N,13.6,0,0,,,1
9,6-Dec-19,Azolla,83,N,14,0,0,,,1
10,13-Dec-19,Azolla,83,N,14.5,31,31,,,1
11,20-Dec-19,Azolla,83,N,14.8,0,31,,,1
12,27-Dec-19,Azolla,83,N,,,,,,0
13,3-Jan-20,Azolla,83,N,,,,,,0
14,10-Jan-20,Azolla,83,N,,,,,,0
15,17-Jan-20,Azolla,83,N,,,,,,0
16,24-Jan-20,Azolla,83,N,,,,,,0
17,31-Jan-20,Azolla,83,N,,,,,,0
0,4-Oct-19,Azolla,84,N,4.1,0,0,,,1
1,11-Oct-19,Azolla,84,N,6.3,0,0,,,1
2,18-Oct-19,Azolla,84,N,8.8,0,0,,,1
3,25-Oct-19,Azolla,84,N,10.1,0,0,,,1
4,1-Nov-19,Azolla,84,N,10.9,0,0,,,1
5,8-Nov-19,Azolla,84,N,11.8,0,0,,,1
6,15-Nov-19,Azolla,84,N,12.8,0,0,,,1
7,22-Nov-19,Azolla,84,N,13.6,27,27,,,1
8,29-Nov-19,Azolla,84,N,13.7,9,36,,,1
9,6-Dec-19,Azolla,84,N,13.9,0,36,,,1
10,13-Dec-19,Azolla,84,N,14.6,0,36,,,1
11,20-Dec-19,Azolla,84,N,15.4,0,36,,,1
12,27-Dec-19,Azolla,84,N,,,,,,0
13,3-Jan-20,Azolla,84,N,,,,,,0
14,10-Jan-20,Azolla,84,N,,,,,,0
15,17-Jan-20,Azolla,84,N,,,,,,0
16,24-Jan-20,Azolla,84,N,,,,,,0
17,31-Jan-20,Azolla,84,N,,,,,,0
0,4-Oct-19,Azolla,85,N,4.7,0,0,,,1
1,11-Oct-19,Azolla,85,N,6.3,0,0,,,1
2,18-Oct-19,Azolla,85,N,8.7,0,0,,,1
3,25-Oct-19,Azolla,85,N,9.6,0,0,,,1
4,1-Nov-19,Azolla,85,N,10.7,0,0,,,1
5,8-Nov-19,Azolla,85,N,11.6,0,0,,,1
6,15-Nov-19,Azolla,85,N,12.5,0,0,,,1
7,22-Nov-19,Azolla,85,N,13,0,0,,,1
8,29-Nov-19,Azolla,85,N,13.1,0,0,,,1
9,6-Dec-19,Azolla,85,N,13.5,0,0,,,1
10,13-Dec-19,Azolla,85,N,14,0,0,,,1
11,20-Dec-19,Azolla,85,N,14,0,0,,,1
12,27-Dec-19,Azolla,85,N,,,,,,0
13,3-Jan-20,Azolla,85,N,,,,,,0
14,10-Jan-20,Azolla,85,N,,,,,,0
15,17-Jan-20,Azolla,85,N,,,,,,0
16,24-Jan-20,Azolla,85,N,,,,,,0
17,31-Jan-20,Azolla,85,N,,,,,,0
0,4-Oct-19,Azolla,86,N,4,0,0,,,1
1,11-Oct-19,Azolla,86,N,5.9,0,0,,,1
2,18-Oct-19,Azolla,86,N,8,0,0,,,1
3,25-Oct-19,Azolla,86,N,9.7,0,0,,,1
4,1-Nov-19,Azolla,86,N,10.4,0,0,,,1
5,8-Nov-19,Azolla,86,N,11,0,0,,,1
6,15-Nov-19,Azolla,86,N,11.6,0,0,,,1
7,22-Nov-19,Azolla,86,N,12.2,0,0,,,1
8,29-Nov-19,Azolla,86,N,12.5,51,51,,,1
9,6-Dec-19,Azolla,86,N,13.6,0,51,,,1
10,13-Dec-19,Azolla,86,N,13.5,6,57,,,1
11,20-Dec-19,Azolla,86,N,13.9,0,57,,,1
12,27-Dec-19,Azolla,86,N,,,,,,0
13,3-Jan-20,Azolla,86,N,,,,,,0
14,10-Jan-20,Azolla,86,N,,,,,,0
15,17-Jan-20,Azolla,86,N,,,,,,0
16,24-Jan-20,Azolla,86,N,,,,,,0
17,31-Jan-20,Azolla,86,N,,,,,,0
0,4-Oct-19,Azolla,87,N,4.2,0,0,,,1
1,11-Oct-19,Azolla,87,N,6.2,0,0,,,1
2,18-Oct-19,Azolla,87,N,8.2,0,0,,,1
3,25-Oct-19,Azolla,87,N,9.6,0,0,,,1
4,1-Nov-19,Azolla,87,N,10.5,0,0,,,1
5,8-Nov-19,Azolla,87,N,11.5,0,0,,,1
6,15-Nov-19,Azolla,87,N,12,0,0,,,1
7,22-Nov-19,Azolla,87,N,12.9,0,0,,,1
8,29-Nov-19,Azolla,87,N,13,0,0,,,1
9,6-Dec-19,Azolla,87,N,13.8,0,0,,,1
10,13-Dec-19,Azolla,87,N,14,0,0,,,1
11,20-Dec-19,Azolla,87,N,14.3,0,0,,,1
12,27-Dec-19,Azolla,87,N,,,,,,0
13,3-Jan-20,Azolla,87,N,,,,,,0
14,10-Jan-20,Azolla,87,N,,,,,,0
15,17-Jan-20,Azolla,87,N,,,,,,0
16,24-Jan-20,Azolla,87,N,,,,,,0
17,31-Jan-20,Azolla,87,N,,,,,,0
0,4-Oct-19,Azolla,88,N,4.1,0,0,,,1
1,11-Oct-19,Azolla,88,N,6.1,0,0,,,1
2,18-Oct-19,Azolla,88,N,8.6,0,0,,,1
3,25-Oct-19,Azolla,88,N,10,0,0,,,1
4,1-Nov-19,Azolla,88,N,11.2,0,0,,,1
5,8-Nov-19,Azolla,88,N,11.8,0,0,,,1
6,15-Nov-19,Azolla,88,N,12.4,0,0,,,1
7,22-Nov-19,Azolla,88,N,12.7,0,0,,,1
8,29-Nov-19,Azolla,88,N,13,36,36,,,1
9,6-Dec-19,Azolla,88,N,14.1,0,36,,,1
10,13-Dec-19,Azolla,88,N,14,25,61,,,1
11,20-Dec-19,Azolla,88,N,14.3,0,61,,,1
12,27-Dec-19,Azolla,88,N,,,,,,0
13,3-Jan-20,Azolla,88,N,,,,,,0
14,10-Jan-20,Azolla,88,N,,,,,,0
15,17-Jan-20,Azolla,88,N,,,,,,0
16,24-Jan-20,Azolla,88,N,,,,,,0
17,31-Jan-20,Azolla,88,N,,,,,,0
0,4-Oct-19,Azolla,89,N,4.5,0,0,,,1
1,11-Oct-19,Azolla,89,N,6.1,0,0,,,1
2,18-Oct-19,Azolla,89,N,8.4,0,0,,,1
3,25-Oct-19,Azolla,89,N,9.3,0,0,,,1
4,1-Nov-19,Azolla,89,N,10.3,0,0,,,1
5,8-Nov-19,Azolla,89,N,11.2,0,0,,,1
6,15-Nov-19,Azolla,89,N,11.6,0,0,,,1
7,22-Nov-19,Azolla,89,N,12.4,100,100,,,1
8,29-Nov-19,Azolla,89,N,12.7,113,213,,,1
9,6-Dec-19,Azolla,89,N,13.5,0,213,,,1
10,13-Dec-19,Azolla,89,N,13.6,139,352,,,1
11,20-Dec-19,Azolla,89,N,14,0,352,,,1
12,27-Dec-19,Azolla,89,N,,,,,,0
13,3-Jan-20,Azolla,89,N,,,,,,0
14,10-Jan-20,Azolla,89,N,,,,,,0
15,17-Jan-20,Azolla,89,N,,,,,,0
16,24-Jan-20,Azolla,89,N,,,,,,0
17,31-Jan-20,Azolla,89,N,,,,,,0
0,4-Oct-19,Azolla,90,N,4.3,0,0,,,1
1,11-Oct-19,Azolla,90,N,6.8,0,0,,,1
2,18-Oct-19,Azolla,90,N,9,0,0,,,1
3,25-Oct-19,Azolla,90,N,10.4,0,0,,,1
4,1-Nov-19,Azolla,90,N,11.1,0,0,,,1
5,8-Nov-19,Azolla,90,N,12,0,0,,,1
6,15-Nov-19,Azolla,90,N,12.6,0,0,,,1
7,22-Nov-19,Azolla,90,N,13,0,0,,,1
8,29-Nov-19,Azolla,90,N,13.4,73,73,,,1
9,6-Dec-19,Azolla,90,N,14,0,73,,,1
10,13-Dec-19,Azolla,90,N,14.2,66,139,,,1
11,20-Dec-19,Azolla,90,N,14.5,0,139,,,1
12,27-Dec-19,Azolla,90,N,,,,,,0
13,3-Jan-20,Azolla,90,N,,,,,,0
14,10-Jan-20,Azolla,90,N,,,,,,0
15,17-Jan-20,Azolla,90,N,,,,,,0
16,24-Jan-20,Azolla,90,N,,,,,,0
17,31-Jan-20,Azolla,90,N,,,,,,0
0,4-Oct-19,Water hyacinth,91,Y,4.3,0,0,0,0,1
1,11-Oct-19,Water hyacinth,91,Y,4.3,0,0,0,0,1
2,18-Oct-19,Water hyacinth,91,Y,4.6,0,0,0,0,1
3,25-Oct-19,Water hyacinth,91,Y,5.2,0,0,11,11,1
4,1-Nov-19,Water hyacinth,91,Y,4.8,0,0,0,11,1
5,8-Nov-19,Water hyacinth,91,Y,5.4,,,,,0
6,15-Nov-19,Water hyacinth,91,Y,,,,,,0
7,22-Nov-19,Water hyacinth,91,Y,,,,,,0
8,29-Nov-19,Water hyacinth,91,Y,,,,,,0
9,6-Dec-19,Water hyacinth,91,Y,,,,,,0
10,13-Dec-19,Water hyacinth,91,Y,,,,,,0
11,20-Dec-19,Water hyacinth,91,Y,,,,,,0
12,27-Dec-19,Water hyacinth,91,Y,,,,,,0
13,3-Jan-20,Water hyacinth,91,Y,,,,,,0
14,10-Jan-20,Water hyacinth,91,Y,,,,,,0
15,17-Jan-20,Water hyacinth,91,Y,,,,,,0
16,24-Jan-20,Water hyacinth,91,Y,,,,,,0
17,31-Jan-20,Water hyacinth,91,Y,,,,,,0
0,4-Oct-19,Water hyacinth,92,Y,4.4,0,0,0,0,1
1,11-Oct-19,Water hyacinth,92,Y,4.6,0,0,0,0,1
2,18-Oct-19,Water hyacinth,92,Y,5.5,0,0,0,0,1
3,25-Oct-19,Water hyacinth,92,Y,5.6,0,0,50,50,1
4,1-Nov-19,Water hyacinth,92,Y,5.3,0,0,58,108,1
5,8-Nov-19,Water hyacinth,92,Y,5.6,0,0,61,169,1
6,15-Nov-19,Water hyacinth,92,Y,5.4,0,0,87,256,1
7,22-Nov-19,Water hyacinth,92,Y,5.5,0,0,92,348,1
8,29-Nov-19,Water hyacinth,92,Y,5.6,0,0,139,487,1
9,6-Dec-19,Water hyacinth,92,Y,5.8,0,0,0,487,1
10,13-Dec-19,Water hyacinth,92,Y,5.5,,,,,0
11,20-Dec-19,Water hyacinth,92,Y,,,,,,0
12,27-Dec-19,Water hyacinth,92,Y,,,,,,0
13,3-Jan-20,Water hyacinth,92,Y,,,,,,0
14,10-Jan-20,Water hyacinth,92,Y,,,,,,0
15,17-Jan-20,Water hyacinth,92,Y,,,,,,0
16,24-Jan-20,Water hyacinth,92,Y,,,,,,0
17,31-Jan-20,Water hyacinth,92,Y,,,,,,0
0,4-Oct-19,Water hyacinth,93,Y,4.4,0,0,0,0,1
1,11-Oct-19,Water hyacinth,93,Y,4.6,0,0,0,0,1
2,18-Oct-19,Water hyacinth,93,Y,5.1,0,0,0,0,1
3,25-Oct-19,Water hyacinth,93,Y,5.5,0,0,52,52,1
4,1-Nov-19,Water hyacinth,93,Y,5.2,0,0,116,168,1
5,8-Nov-19,Water hyacinth,93,Y,5.7,0,0,212,380,1
6,15-Nov-19,Water hyacinth,93,Y,6.4,0,0,479,859,1
7,22-Nov-19,Water hyacinth,93,Y,6.4,0,0,253,1112,1
8,29-Nov-19,Water hyacinth,93,Y,5.9,0,0,455,1567,1
9,6-Dec-19,Water hyacinth,93,Y,6.4,0,0,119,1686,1
10,13-Dec-19,Water hyacinth,93,Y,6.6,0,0,174,1860,1
11,20-Dec-19,Water hyacinth,93,Y,7.3,0,0,0,1860,1
12,27-Dec-19,Water hyacinth,93,Y,9.7,0,0,2,1862,1
13,3-Jan-20,Water hyacinth,93,Y,10.1,0,0,0,1862,1
14,10-Jan-20,Water hyacinth,93,Y,10.5,0,0,0,1862,1
15,17-Jan-20,Water hyacinth,93,Y,10.5,0,0,0,1862,1
16,24-Jan-20,Water hyacinth,93,Y,11,0,0,0,1862,1
17,31-Jan-20,Water hyacinth,93,Y,11.4,0,0,,,1
0,4-Oct-19,Water hyacinth,101,Y,4.6,0,0,0,0,1
1,11-Oct-19,Water hyacinth,101,Y,4.7,0,0,0,0,1
2,18-Oct-19,Water hyacinth,101,Y,5.5,0,0,0,0,1
3,25-Oct-19,Water hyacinth,101,Y,6.5,0,0,0,0,1
4,1-Nov-19,Water hyacinth,101,Y,6.4,8,8,28,28,1
5,8-Nov-19,Water hyacinth,101,Y,7,0,8,153,181,1
6,15-Nov-19,Water hyacinth,101,Y,7.9,0,8,165,346,1
7,22-Nov-19,Water hyacinth,101,Y,8.4,0,8,229,575,1
8,29-Nov-19,Water hyacinth,101,Y,8.2,0,8,319,894,1
9,6-Dec-19,Water hyacinth,101,Y,8.8,0,8,172,1066,1
10,13-Dec-19,Water hyacinth,101,Y,8.9,0,8,83,1149,1
11,20-Dec-19,Water hyacinth,101,Y,9.7,0,8,246,1395,1
12,27-Dec-19,Water hyacinth,101,Y,11.3,0,8,0,1395,1
13,3-Jan-20,Water hyacinth,101,Y,11.3,0,,,,0
14,10-Jan-20,Water hyacinth,101,Y,,,,,,0
15,17-Jan-20,Water hyacinth,101,Y,,,,,,0
16,24-Jan-20,Water hyacinth,101,Y,,,,,,0
17,31-Jan-20,Water hyacinth,101,Y,,,,,,0
0,4-Oct-19,Water hyacinth,102,Y,4.3,0,0,0,0,1
1,11-Oct-19,Water hyacinth,102,Y,4.7,0,0,0,0,1
2,18-Oct-19,Water hyacinth,102,Y,5.3,0,0,0,0,1
3,25-Oct-19,Water hyacinth,102,Y,5.8,0,0,0,0,1
4,1-Nov-19,Water hyacinth,102,Y,5.4,0,0,56,56,1
5,8-Nov-19,Water hyacinth,102,Y,5.8,0,0,17,73,1
6,15-Nov-19,Water hyacinth,102,Y,6,0,0,108,181,1
7,22-Nov-19,Water hyacinth,102,Y,5.7,0,0,52,233,1
8,29-Nov-19,Water hyacinth,102,Y,5.7,0,0,254,487,1
9,6-Dec-19,Water hyacinth,102,Y,6.5,0,0,141,628,1
10,13-Dec-19,Water hyacinth,102,Y,6.3,0,0,130,758,1
11,20-Dec-19,Water hyacinth,102,Y,6.5,0,0,198,956,1
12,27-Dec-19,Water hyacinth,102,Y,7.7,0,0,302,1258,1
13,3-Jan-20,Water hyacinth,102,Y,7.1,0,0,219,1477,1
14,10-Jan-20,Water hyacinth,102,Y,7.4,0,0,198,1675,1
15,17-Jan-20,Water hyacinth,102,Y,8.4,0,0,271,1946,1
16,24-Jan-20,Water hyacinth,102,Y,8.8,0,0,340,2286,1
17,31-Jan-20,Water hyacinth,102,Y,9.8,0,0,,,1
0,4-Oct-19,Water hyacinth,103,Y,4.4,0,0,0,0,1
1,11-Oct-19,Water hyacinth,103,Y,4.4,0,0,0,0,1
2,18-Oct-19,Water hyacinth,103,Y,5.3,0,0,0,0,1
3,25-Oct-19,Water hyacinth,103,Y,5.8,0,0,58,58,1
4,1-Nov-19,Water hyacinth,103,Y,5.4,0,0,104,162,1
5,8-Nov-19,Water hyacinth,103,Y,6,0,0,73,235,1
6,15-Nov-19,Water hyacinth,103,Y,6.2,0,0,181,416,1
7,22-Nov-19,Water hyacinth,103,Y,6.3,0,0,138,554,1
8,29-Nov-19,Water hyacinth,103,Y,5.7,0,0,297,851,1
9,6-Dec-19,Water hyacinth,103,Y,5.9,0,0,274,1125,1
10,13-Dec-19,Water hyacinth,103,Y,6.2,0,0,29,1154,1
11,20-Dec-19,Water hyacinth,103,Y,6.9,0,0,35,1189,1
12,27-Dec-19,Water hyacinth,103,Y,6.7,0,0,92,1281,1
13,3-Jan-20,Water hyacinth,103,Y,6.2,0,0,187,1468,1
14,10-Jan-20,Water hyacinth,103,Y,6.4,0,0,23,1491,1
15,17-Jan-20,Water hyacinth,103,Y,7.1,0,0,274,1765,1
16,24-Jan-20,Water hyacinth,103,Y,7,0,0,2,1767,1
17,31-Jan-20,Water hyacinth,103,Y,7.8,0,0,,,1
0,4-Oct-19,Water hyacinth,106,Y,4.8,0,0,0,0,1
1,11-Oct-19,Water hyacinth,106,Y,5,0,0,0,0,1
2,18-Oct-19,Water hyacinth,106,Y,5.3,0,0,0,0,1
3,25-Oct-19,Water hyacinth,106,Y,5.8,0,0,0,0,1
4,1-Nov-19,Water hyacinth,106,Y,5.3,0,0,144,144,1
5,8-Nov-19,Water hyacinth,106,Y,6,0,0,95,239,1
6,15-Nov-19,Water hyacinth,106,Y,5.9,0,0,256,495,1
7,22-Nov-19,Water hyacinth,106,Y,5.9,0,0,76,571,1
8,29-Nov-19,Water hyacinth,106,Y,5.8,0,0,300,871,1
9,6-Dec-19,Water hyacinth,106,Y,6.4,0,0,285,1156,1
10,13-Dec-19,Water hyacinth,106,Y,6.4,0,0,320,1476,1
11,20-Dec-19,Water hyacinth,106,Y,6.9,0,0,45,1521,1
12,27-Dec-19,Water hyacinth,106,Y,7.3,0,0,72,1593,1
13,3-Jan-20,Water hyacinth,106,Y,6.8,0,0,378,1971,1
14,10-Jan-20,Water hyacinth,106,Y,7,0,0,66,2037,1
15,17-Jan-20,Water hyacinth,106,Y,7.5,0,0,274,2311,1
16,24-Jan-20,Water hyacinth,106,Y,7.1,0,0,156,2467,1
17,31-Jan-20,Water hyacinth,106,Y,8.2,0,0,,,1
0,4-Oct-19,Water hyacinth,107,Y,4.6,0,0,0,0,1
1,11-Oct-19,Water hyacinth,107,Y,4.7,0,0,0,0,1
2,18-Oct-19,Water hyacinth,107,Y,5.1,0,0,0,0,1
3,25-Oct-19,Water hyacinth,107,Y,5.6,0,0,1,1,1
4,1-Nov-19,Water hyacinth,107,Y,5.4,0,0,14,15,1
5,8-Nov-19,Water hyacinth,107,Y,6.2,0,0,59,74,1
6,15-Nov-19,Water hyacinth,107,Y,5.8,0,0,67,141,1
7,22-Nov-19,Water hyacinth,107,Y,6,0,0,126,267,1
8,29-Nov-19,Water hyacinth,107,Y,5.6,0,0,0,267,1
9,6-Dec-19,Water hyacinth,107,Y,,,,,,0
10,13-Dec-19,Water hyacinth,107,Y,,,,,,0
11,20-Dec-19,Water hyacinth,107,Y,,,,,,0
12,27-Dec-19,Water hyacinth,107,Y,,,,,,0
13,3-Jan-20,Water hyacinth,107,Y,,,,,,0
14,10-Jan-20,Water hyacinth,107,Y,,,,,,0
15,17-Jan-20,Water hyacinth,107,Y,,,,,,0
16,24-Jan-20,Water hyacinth,107,Y,,,,,,0
17,31-Jan-20,Water hyacinth,107,Y,,,,,,0
0,4-Oct-19,Water hyacinth,113,N,4.5,0,0,,,1
1,11-Oct-19,Water hyacinth,113,N,5.1,0,0,,,1
2,18-Oct-19,Water hyacinth,113,N,5.7,0,0,,,1
3,25-Oct-19,Water hyacinth,113,N,6.8,0,0,,,1
4,1-Nov-19,Water hyacinth,113,N,7,0,0,,,1
5,8-Nov-19,Water hyacinth,113,N,7.9,0,0,,,1
6,15-Nov-19,Water hyacinth,113,N,8.5,0,0,,,1
7,22-Nov-19,Water hyacinth,113,N,8.9,0,0,,,1
8,29-Nov-19,Water hyacinth,113,N,9.3,0,0,,,1
9,6-Dec-19,Water hyacinth,113,N,9.5,0,0,,,1
10,13-Dec-19,Water hyacinth,113,N,10,4,4,,,1
11,20-Dec-19,Water hyacinth,113,N,10,0,4,,,1
12,27-Dec-19,Water hyacinth,113,N,10.5,0,4,,,1
13,3-Jan-20,Water hyacinth,113,N,10.5,0,4,,,1
14,10-Jan-20,Water hyacinth,113,N,10.7,0,4,,,1
15,17-Jan-20,Water hyacinth,113,N,11.1,0,4,,,1
16,24-Jan-20,Water hyacinth,113,N,11.6,0,4,,,1
17,31-Jan-20,Water hyacinth,113,N,11.8,0,4,,,1
0,4-Oct-19,Water hyacinth,114,N,4.5,0,0,,,1
1,11-Oct-19,Water hyacinth,114,N,5.3,0,0,,,1
2,18-Oct-19,Water hyacinth,114,N,5.3,0,0,,,1
3,25-Oct-19,Water hyacinth,114,N,5.9,0,0,,,1
4,1-Nov-19,Water hyacinth,114,N,6.1,0,0,,,1
5,8-Nov-19,Water hyacinth,114,N,7,0,0,,,1
6,15-Nov-19,Water hyacinth,114,N,7,0,0,,,1
7,22-Nov-19,Water hyacinth,114,N,8.1,0,0,,,1
8,29-Nov-19,Water hyacinth,114,N,8.1,0,0,,,1
9,6-Dec-19,Water hyacinth,114,N,8.5,0,0,,,1
10,13-Dec-19,Water hyacinth,114,N,8.6,0,0,,,1
11,20-Dec-19,Water hyacinth,114,N,8.9,0,0,,,1
12,27-Dec-19,Water hyacinth,114,N,9.9,0,0,,,1
13,3-Jan-20,Water hyacinth,114,N,9,0,,,,0
14,10-Jan-20,Water hyacinth,114,N,,,,,,0
15,17-Jan-20,Water hyacinth,114,N,,,,,,0
16,24-Jan-20,Water hyacinth,114,N,,,,,,0
17,31-Jan-20,Water hyacinth,114,N,,,,,,0
0,4-Oct-19,Water hyacinth,115,N,4.1,0,0,,,1
1,11-Oct-19,Water hyacinth,115,N,4.3,0,0,,,1
2,18-Oct-19,Water hyacinth,115,N,4.5,0,0,,,1
3,25-Oct-19,Water hyacinth,115,N,6,0,0,,,1
4,1-Nov-19,Water hyacinth,115,N,6.6,0,0,,,1
5,8-Nov-19,Water hyacinth,115,N,7.6,0,0,,,1
6,15-Nov-19,Water hyacinth,115,N,8,0,0,,,1
7,22-Nov-19,Water hyacinth,115,N,8.3,0,0,,,1
8,29-Nov-19,Water hyacinth,115,N,8.7,0,0,,,1
9,6-Dec-19,Water hyacinth,115,N,9.6,0,0,,,1
10,13-Dec-19,Water hyacinth,115,N,9,0,0,,,1
11,20-Dec-19,Water hyacinth,115,N,9.7,0,0,,,1
12,27-Dec-19,Water hyacinth,115,N,10.2,0,0,,,1
13,3-Jan-20,Water hyacinth,115,N,9.7,3,3,,,1
14,10-Jan-20,Water hyacinth,115,N,9.9,2,5,,,1
15,17-Jan-20,Water hyacinth,115,N,10.3,0,5,,,1
16,24-Jan-20,Water hyacinth,115,N,10.7,0,5,,,1
17,31-Jan-20,Water hyacinth,115,N,11.5,0,5,,,1
0,4-Oct-19,Water hyacinth,116,N,4,0,0,,,1
1,11-Oct-19,Water hyacinth,116,N,4.2,0,0,,,1
2,18-Oct-19,Water hyacinth,116,N,4.6,0,0,,,1
3,25-Oct-19,Water hyacinth,116,N,6,0,0,,,1
4,1-Nov-19,Water hyacinth,116,N,6.4,0,0,,,1
5,8-Nov-19,Water hyacinth,116,N,7,0,0,,,1
6,15-Nov-19,Water hyacinth,116,N,7.8,0,0,,,1
7,22-Nov-19,Water hyacinth,116,N,7.8,0,0,,,1
8,29-Nov-19,Water hyacinth,116,N,8,0,0,,,1
9,6-Dec-19,Water hyacinth,116,N,8.7,0,0,,,1
10,13-Dec-19,Water hyacinth,116,N,8.7,0,0,,,1
11,20-Dec-19,Water hyacinth,116,N,9.4,0,0,,,1
12,27-Dec-19,Water hyacinth,116,N,9.5,0,0,,,1
13,3-Jan-20,Water hyacinth,116,N,9.7,0,0,,,1
14,10-Jan-20,Water hyacinth,116,N,9.9,2,2,,,1
15,17-Jan-20,Water hyacinth,116,N,10.5,0,2,,,1
16,24-Jan-20,Water hyacinth,116,N,10.4,0,2,,,1
17,31-Jan-20,Water hyacinth,116,N,10.5,0,2,,,1
0,4-Oct-19,Water hyacinth,117,N,4.2,0,0,,,1
1,11-Oct-19,Water hyacinth,117,N,4.4,0,0,,,1
2,18-Oct-19,Water hyacinth,117,N,4.7,0,0,,,1
3,25-Oct-19,Water hyacinth,117,N,5.5,0,0,,,1
4,1-Nov-19,Water hyacinth,117,N,6,0,0,,,1
5,8-Nov-19,Water hyacinth,117,N,6.9,0,0,,,1
6,15-Nov-19,Water hyacinth,117,N,7.6,0,0,,,1
7,22-Nov-19,Water hyacinth,117,N,8.1,0,0,,,1
8,29-Nov-19,Water hyacinth,117,N,8.5,0,0,,,1
9,6-Dec-19,Water hyacinth,117,N,8.7,0,0,,,1
10,13-Dec-19,Water hyacinth,117,N,8.7,0,0,,,1
11,20-Dec-19,Water hyacinth,117,N,8.7,0,0,,,1
12,27-Dec-19,Water hyacinth,117,N,9.2,0,0,,,1
13,3-Jan-20,Water hyacinth,117,N,9.7,0,0,,,1
14,10-Jan-20,Water hyacinth,117,N,9.2,0,0,,,1
15,17-Jan-20,Water hyacinth,117,N,9.4,0,0,,,1
16,24-Jan-20,Water hyacinth,117,N,9.6,0,0,,,1
17,31-Jan-20,Water hyacinth,117,N,10.4,0,0,,,1
0,4-Oct-19,Water hyacinth,118,N,4.3,0,0,,,1
1,11-Oct-19,Water hyacinth,118,N,4.8,0,0,,,1
2,18-Oct-19,Water hyacinth,118,N,4.8,0,0,,,1
3,25-Oct-19,Water hyacinth,118,N,5.7,0,0,,,1
4,1-Nov-19,Water hyacinth,118,N,5.4,0,0,,,1
5,8-Nov-19,Water hyacinth,118,N,6.8,0,0,,,1
6,15-Nov-19,Water hyacinth,118,N,7.3,0,0,,,1
7,22-Nov-19,Water hyacinth,118,N,8,0,0,,,1
8,29-Nov-19,Water hyacinth,118,N,8.3,0,0,,,1
9,6-Dec-19,Water hyacinth,118,N,9,0,0,,,1
10,13-Dec-19,Water hyacinth,118,N,9.5,0,0,,,1
11,20-Dec-19,Water hyacinth,118,N,9.5,0,0,,,1
12,27-Dec-19,Water hyacinth,118,N,9.9,0,0,,,1
13,3-Jan-20,Water hyacinth,118,N,9,0,0,,,1
14,10-Jan-20,Water hyacinth,118,N,10.1,0,0,,,1
15,17-Jan-20,Water hyacinth,118,N,10.5,0,0,,,1
16,24-Jan-20,Water hyacinth,118,N,10,0,0,,,1
17,31-Jan-20,Water hyacinth,118,N,11.2,0,0,,,1
0,4-Oct-19,Water hyacinth,119,N,4,0,0,,,1
1,11-Oct-19,Water hyacinth,119,N,4.1,0,0,,,1
2,18-Oct-19,Water hyacinth,119,N,4.9,0,0,,,1
3,25-Oct-19,Water hyacinth,119,N,6,0,0,,,1
4,1-Nov-19,Water hyacinth,119,N,6.2,0,0,,,1
5,8-Nov-19,Water hyacinth,119,N,7.1,0,0,,,1
6,15-Nov-19,Water hyacinth,119,N,7.8,0,0,,,1
7,22-Nov-19,Water hyacinth,119,N,8.1,0,0,,,1
8,29-Nov-19,Water hyacinth,119,N,8.8,0,0,,,1
9,6-Dec-19,Water hyacinth,119,N,9.7,0,0,,,1
10,13-Dec-19,Water hyacinth,119,N,9.3,0,0,,,1
11,20-Dec-19,Water hyacinth,119,N,9.7,0,0,,,1
12,27-Dec-19,Water hyacinth,119,N,9.9,0,0,,,1
13,3-Jan-20,Water hyacinth,119,N,9.9,0,0,,,1
14,10-Jan-20,Water hyacinth,119,N,10.6,0,0,,,1
15,17-Jan-20,Water hyacinth,119,N,10.9,0,0,,,1
16,24-Jan-20,Water hyacinth,119,N,11.5,0,0,,,1
17,31-Jan-20,Water hyacinth,119,N,13.4,0,0,,,1
0,4-Oct-19,Water hyacinth,120,N,4.6,0,0,,,1
1,11-Oct-19,Water hyacinth,120,N,5.1,0,0,,,1
2,18-Oct-19,Water hyacinth,120,N,5.5,0,0,,,1
3,25-Oct-19,Water hyacinth,120,N,6.3,0,0,,,1
4,1-Nov-19,Water hyacinth,120,N,6.5,0,0,,,1
5,8-Nov-19,Water hyacinth,120,N,8,0,0,,,1
6,15-Nov-19,Water hyacinth,120,N,7.8,0,0,,,1
7,22-Nov-19,Water hyacinth,120,N,8.1,0,0,,,1
8,29-Nov-19,Water hyacinth,120,N,8.4,0,0,,,1
9,6-Dec-19,Water hyacinth,120,N,9.1,0,0,,,1
10,13-Dec-19,Water hyacinth,120,N,8.9,0,0,,,1
11,20-Dec-19,Water hyacinth,120,N,9.5,0,0,,,1
12,27-Dec-19,Water hyacinth,120,N,10.4,0,0,,,1
13,3-Jan-20,Water hyacinth,120,N,10.3,0,0,,,1
14,10-Jan-20,Water hyacinth,120,N,9.9,0,0,,,1
15,17-Jan-20,Water hyacinth,120,N,10.5,0,0,,,1
16,24-Jan-20,Water hyacinth,120,N,11,0,0,,,1
17,31-Jan-20,Water hyacinth,120,N,10,0,0,,,1
0,4-Oct-19,Duckweed,151,Y,4.6,0,0,0,0,1
1,11-Oct-19,Duckweed,151,Y,5.2,0,0,0,0,1
2,18-Oct-19,Duckweed,151,Y,5.8,0,0,0,0,1
3,25-Oct-19,Duckweed,151,Y,6.2,0,0,5,5,1
4,1-Nov-19,Duckweed,151,Y,6.5,0,0,0,5,1
5,8-Nov-19,Duckweed,151,Y,6,0,,,,0
6,15-Nov-19,Duckweed,151,Y,,,,,,0
7,22-Nov-19,Duckweed,151,Y,,,,,,0
8,29-Nov-19,Duckweed,151,Y,,,,,,0
9,6-Dec-19,Duckweed,151,Y,,,,,,0
10,13-Dec-19,Duckweed,151,Y,,,,,,0
11,20-Dec-19,Duckweed,151,Y,,,,,,0
12,27-Dec-19,Duckweed,151,Y,,,,,,0
13,3-Jan-20,Duckweed,151,Y,,,,,,0
14,10-Jan-20,Duckweed,151,Y,,,,,,0
15,17-Jan-20,Duckweed,151,Y,,,,,,0
16,24-Jan-20,Duckweed,151,Y,,,,,,0
17,31-Jan-20,Duckweed,151,Y,,,,,,0
0,4-Oct-19,Duckweed,152,Y,4.8,0,0,0,0,1
1,11-Oct-19,Duckweed,152,Y,5,0,0,0,0,1
2,18-Oct-19,Duckweed,152,Y,5.7,0,0,0,0,1
3,25-Oct-19,Duckweed,152,Y,5.9,0,0,2,2,1
4,1-Nov-19,Duckweed,152,Y,6.2,0,0,77,79,1
5,8-Nov-19,Duckweed,152,Y,5.9,0,0,38,117,1
6,15-Nov-19,Duckweed,152,Y,5.9,0,0,77,194,1
7,22-Nov-19,Duckweed,152,Y,6.3,0,0,32,226,1
8,29-Nov-19,Duckweed,152,Y,6.2,0,0,235,461,1
9,6-Dec-19,Duckweed,152,Y,6.4,0,0,5,466,1
10,13-Dec-19,Duckweed,152,Y,6.1,0,,,,0
11,20-Dec-19,Duckweed,152,Y,,,,,,0
12,27-Dec-19,Duckweed,152,Y,,,,,,0
13,3-Jan-20,Duckweed,152,Y,,,,,,0
14,10-Jan-20,Duckweed,152,Y,,,,,,0
15,17-Jan-20,Duckweed,152,Y,,,,,,0
16,24-Jan-20,Duckweed,152,Y,,,,,,0
17,31-Jan-20,Duckweed,152,Y,,,,,,0
0,4-Oct-19,Duckweed,154,Y,4,0,0,0,0,1
1,11-Oct-19,Duckweed,154,Y,4.5,0,0,0,0,1
2,18-Oct-19,Duckweed,154,Y,5.4,0,0,0,0,1
3,25-Oct-19,Duckweed,154,Y,5.7,0,0,8,8,1
4,1-Nov-19,Duckweed,154,Y,5.9,0,0,221,229,1
5,8-Nov-19,Duckweed,154,Y,5.8,0,0,93,322,1
6,15-Nov-19,Duckweed,154,Y,5.8,0,0,0,322,1
7,22-Nov-19,Duckweed,154,Y,5.8,0,,,,0
8,29-Nov-19,Duckweed,154,Y,,,,,,0
9,6-Dec-19,Duckweed,154,Y,,,,,,0
10,13-Dec-19,Duckweed,154,Y,,,,,,0
11,20-Dec-19,Duckweed,154,Y,,,,,,0
12,27-Dec-19,Duckweed,154,Y,,,,,,0
13,3-Jan-20,Duckweed,154,Y,,,,,,0
14,10-Jan-20,Duckweed,154,Y,,,,,,0
15,17-Jan-20,Duckweed,154,Y,,,,,,0
16,24-Jan-20,Duckweed,154,Y,,,,,,0
17,31-Jan-20,Duckweed,154,Y,,,,,,0
0,4-Oct-19,Duckweed,155,Y,4.5,0,0,0,0,1
1,11-Oct-19,Duckweed,155,Y,4.8,0,0,0,0,1
2,18-Oct-19,Duckweed,155,Y,5.1,0,0,0,0,1
3,25-Oct-19,Duckweed,155,Y,5.2,0,0,11,11,1
4,1-Nov-19,Duckweed,155,Y,5.2,0,,,,0
5,8-Nov-19,Duckweed,155,Y,,,,,,0
6,15-Nov-19,Duckweed,155,Y,,,,,,0
7,22-Nov-19,Duckweed,155,Y,,,,,,0
8,29-Nov-19,Duckweed,155,Y,,,,,,0
9,6-Dec-19,Duckweed,155,Y,,,,,,0
10,13-Dec-19,Duckweed,155,Y,,,,,,0
11,20-Dec-19,Duckweed,155,Y,,,,,,0
12,27-Dec-19,Duckweed,155,Y,,,,,,0
13,3-Jan-20,Duckweed,155,Y,,,,,,0
14,10-Jan-20,Duckweed,155,Y,,,,,,0
15,17-Jan-20,Duckweed,155,Y,,,,,,0
16,24-Jan-20,Duckweed,155,Y,,,,,,0
17,31-Jan-20,Duckweed,155,Y,,,,,,0
0,4-Oct-19,Duckweed,162,Y,4,0,0,0,0,1
1,11-Oct-19,Duckweed,162,Y,4.1,0,0,0,0,1
2,18-Oct-19,Duckweed,162,Y,5,0,0,0,0,1
3,25-Oct-19,Duckweed,162,Y,5.6,0,0,0,0,1
4,1-Nov-19,Duckweed,162,Y,6.4,0,0,152,152,1
5,8-Nov-19,Duckweed,162,Y,6.4,0,0,123,275,1
6,15-Nov-19,Duckweed,162,Y,6.4,0,0,0,275,1
7,22-Nov-19,Duckweed,162,Y,6.8,0,,,,0
8,29-Nov-19,Duckweed,162,Y,,,,,,0
9,6-Dec-19,Duckweed,162,Y,,,,,,0
10,13-Dec-19,Duckweed,162,Y,,,,,,0
11,20-Dec-19,Duckweed,162,Y,,,,,,0
12,27-Dec-19,Duckweed,162,Y,,,,,,0
13,3-Jan-20,Duckweed,162,Y,,,,,,0
14,10-Jan-20,Duckweed,162,Y,,,,,,0
15,17-Jan-20,Duckweed,162,Y,,,,,,0
16,24-Jan-20,Duckweed,162,Y,,,,,,0
17,31-Jan-20,Duckweed,162,Y,,,,,,0
0,4-Oct-19,Duckweed,163,Y,4.1,0,0,0,0,1
1,11-Oct-19,Duckweed,163,Y,4.8,0,0,0,0,1
2,18-Oct-19,Duckweed,163,Y,5.9,0,0,0,0,1
3,25-Oct-19,Duckweed,163,Y,6.4,0,0,0,0,1
4,1-Nov-19,Duckweed,163,Y,6.4,0,0,127,127,1
5,8-Nov-19,Duckweed,163,Y,6.5,0,0,154,281,1
6,15-Nov-19,Duckweed,163,Y,6.3,0,0,204,485,1
7,22-Nov-19,Duckweed,163,Y,6.7,0,0,89,574,1
8,29-Nov-19,Duckweed,163,Y,6.4,0,0,335,909,1
9,6-Dec-19,Duckweed,163,Y,7,0,0,128,1037,1
10,13-Dec-19,Duckweed,163,Y,6.7,0,0,73,1110,1
11,20-Dec-19,Duckweed,163,Y,6.8,0,0,0,1110,1
12,27-Dec-19,Duckweed,163,Y,7.2,0,0,92,1202,1
13,3-Jan-20,Duckweed,163,Y,7,0,0,184,1386,1
14,10-Jan-20,Duckweed,163,Y,7.1,0,0,104,1490,1
15,17-Jan-20,Duckweed,163,Y,7.5,0,0,110,1600,1
16,24-Jan-20,Duckweed,163,Y,8.2,0,0,104,1704,1
17,31-Jan-20,Duckweed,163,Y,10.6,0,0,,,1
0,4-Oct-19,Duckweed,166,Y,4.8,0,0,0,0,1
1,11-Oct-19,Duckweed,166,Y,5.5,0,0,0,0,1
2,18-Oct-19,Duckweed,166,Y,6.4,0,0,0,0,1
3,25-Oct-19,Duckweed,166,Y,6.8,0,0,1,1,1
4,1-Nov-19,Duckweed,166,Y,7.1,0,0,239,240,1
5,8-Nov-19,Duckweed,166,Y,7.2,0,0,434,674,1
6,15-Nov-19,Duckweed,166,Y,6.9,0,0,301,975,1
7,22-Nov-19,Duckweed,166,Y,7.5,0,0,244,1219,1
8,29-Nov-19,Duckweed,166,Y,7.1,0,0,222,1441,1
9,6-Dec-19,Duckweed,166,Y,7.2,0,0,148,1589,1
10,13-Dec-19,Duckweed,166,Y,7.4,0,0,123,1712,1
11,20-Dec-19,Duckweed,166,Y,7.6,0,0,285,1997,1
12,27-Dec-19,Duckweed,166,Y,8.5,0,0,153,2150,1
13,3-Jan-20,Duckweed,166,Y,7.6,0,0,264,2414,1
14,10-Jan-20,Duckweed,166,Y,7.7,0,0,128,2542,1
15,17-Jan-20,Duckweed,166,Y,8.2,0,0,260,2802,1
16,24-Jan-20,Duckweed,166,Y,8.1,0,0,118,2920,1
17,31-Jan-20,Duckweed,166,Y,9.4,0,0,,,1
0,4-Oct-19,Duckweed,167,Y,4.2,0,0,0,0,1
1,11-Oct-19,Duckweed,167,Y,4.5,0,0,0,0,1
2,18-Oct-19,Duckweed,167,Y,5.2,0,0,0,0,1
3,25-Oct-19,Duckweed,167,Y,5.7,0,0,0,0,1
4,1-Nov-19,Duckweed,167,Y,6.6,0,0,246,246,1
5,8-Nov-19,Duckweed,167,Y,6.6,0,0,188,434,1
6,15-Nov-19,Duckweed,167,Y,6.7,0,0,354,788,1
7,22-Nov-19,Duckweed,167,Y,6.7,0,0,2,790,1
8,29-Nov-19,Duckweed,167,Y,6.3,0,0,0,790,1
9,6-Dec-19,Duckweed,167,Y,6.6,,,,,0
10,13-Dec-19,Duckweed,167,Y,,,,,,0
11,20-Dec-19,Duckweed,167,Y,,,,,,0
12,27-Dec-19,Duckweed,167,Y,,,,,,0
13,3-Jan-20,Duckweed,167,Y,,,,,,0
14,10-Jan-20,Duckweed,167,Y,,,,,,0
15,17-Jan-20,Duckweed,167,Y,,,,,,0
16,24-Jan-20,Duckweed,167,Y,,,,,,0
17,31-Jan-20,Duckweed,167,Y,,,,,,0
0,4-Oct-19,Duckweed,172,Y,4.1,0,0,0,0,1
1,11-Oct-19,Duckweed,172,Y,4.6,0,0,0,0,1
2,18-Oct-19,Duckweed,172,Y,5.2,0,0,0,0,1
3,25-Oct-19,Duckweed,172,Y,5.9,0,0,15,15,1
4,1-Nov-19,Duckweed,172,Y,6.5,0,0,42,57,1
5,8-Nov-19,Duckweed,172,Y,6,0,0,0,57,1
6,15-Nov-19,Duckweed,172,Y,6.2,0,0,0,57,1
7,22-Nov-19,Duckweed,172,Y,6,0,,,,0
8,29-Nov-19,Duckweed,172,Y,,,,,,0
9,6-Dec-19,Duckweed,172,Y,,,,,,0
10,13-Dec-19,Duckweed,172,Y,,,,,,0
11,20-Dec-19,Duckweed,172,Y,,,,,,0
12,27-Dec-19,Duckweed,172,Y,,,,,,0
13,3-Jan-20,Duckweed,172,Y,,,,,,0
14,10-Jan-20,Duckweed,172,Y,,,,,,0
15,17-Jan-20,Duckweed,172,Y,,,,,,0
16,24-Jan-20,Duckweed,172,Y,,,,,,0
17,31-Jan-20,Duckweed,172,Y,,,,,,0
0,4-Oct-19,Duckweed,173,N,4.2,0,0,,,1
1,11-Oct-19,Duckweed,173,N,4.1,0,0,,,1
2,18-Oct-19,Duckweed,173,N,4.8,0,0,,,1
3,25-Oct-19,Duckweed,173,N,5.5,0,0,,,1
4,1-Nov-19,Duckweed,173,N,6.1,0,0,,,1
5,8-Nov-19,Duckweed,173,N,6,0,0,,,1
6,15-Nov-19,Duckweed,173,N,6.7,0,0,,,1
7,22-Nov-19,Duckweed,173,N,7.5,0,0,,,1
8,29-Nov-19,Duckweed,173,N,7.4,0,0,,,1
9,6-Dec-19,Duckweed,173,N,7.8,0,0,,,1
10,13-Dec-19,Duckweed,173,N,8.1,0,0,,,1
11,20-Dec-19,Duckweed,173,N,8.8,0,0,,,1
12,27-Dec-19,Duckweed,173,N,9.9,0,0,,,1
13,3-Jan-20,Duckweed,173,N,8.8,0,0,,,1
14,10-Jan-20,Duckweed,173,N,9,0,0,,,1
15,17-Jan-20,Duckweed,173,N,9.5,0,0,,,1
16,24-Jan-20,Duckweed,173,N,9.3,0,0,,,1
17,31-Jan-20,Duckweed,173,N,9.8,0,0,,,1
0,4-Oct-19,Duckweed,174,N,4,0,0,,,1
1,11-Oct-19,Duckweed,174,N,4.4,0,0,,,1
2,18-Oct-19,Duckweed,174,N,5,0,0,,,1
3,25-Oct-19,Duckweed,174,N,6,0,0,,,1
4,1-Nov-19,Duckweed,174,N,7.1,0,0,,,1
5,8-Nov-19,Duckweed,174,N,7.3,0,0,,,1
6,15-Nov-19,Duckweed,174,N,7.4,0,0,,,1
7,22-Nov-19,Duckweed,174,N,7.9,0,0,,,1
8,29-Nov-19,Duckweed,174,N,8.1,0,0,,,1
9,6-Dec-19,Duckweed,174,N,8.8,0,0,,,1
10,13-Dec-19,Duckweed,174,N,9,0,0,,,1
11,20-Dec-19,Duckweed,174,N,9,0,0,,,1
12,27-Dec-19,Duckweed,174,N,10,0,0,,,1
13,3-Jan-20,Duckweed,174,N,10,0,0,,,1
14,10-Jan-20,Duckweed,174,N,10.6,0,0,,,1
15,17-Jan-20,Duckweed,174,N,11.5,0,0,,,1
16,24-Jan-20,Duckweed,174,N,11,0,0,,,1
17,31-Jan-20,Duckweed,174,N,11.2,0,0,,,1
0,4-Oct-19,Duckweed,175,N,5,0,0,,,1
1,11-Oct-19,Duckweed,175,N,5.3,0,0,,,1
2,18-Oct-19,Duckweed,175,N,5.9,0,0,,,1
3,25-Oct-19,Duckweed,175,N,6.2,0,0,,,1
4,1-Nov-19,Duckweed,175,N,7.2,0,0,,,1
5,8-Nov-19,Duckweed,175,N,7.3,0,0,,,1
6,15-Nov-19,Duckweed,175,N,7.7,0,0,,,1
7,22-Nov-19,Duckweed,175,N,7.8,0,0,,,1
8,29-Nov-19,Duckweed,175,N,8.2,0,0,,,1
9,6-Dec-19,Duckweed,175,N,8.8,0,0,,,1
10,13-Dec-19,Duckweed,175,N,9,12,12,,,1
11,20-Dec-19,Duckweed,175,N,9.2,0,12,,,1
12,27-Dec-19,Duckweed,175,N,9.8,0,12,,,1
13,3-Jan-20,Duckweed,175,N,9.9,0,12,,,1
14,10-Jan-20,Duckweed,175,N,10.1,0,12,,,1
15,17-Jan-20,Duckweed,175,N,10,0,12,,,1
16,24-Jan-20,Duckweed,175,N,10.4,0,12,,,1
17,31-Jan-20,Duckweed,175,N,11.2,0,12,,,1
0,4-Oct-19,Duckweed,176,N,4.7,0,0,,,1
1,11-Oct-19,Duckweed,176,N,4.7,0,0,,,1
2,18-Oct-19,Duckweed,176,N,5.5,0,0,,,1
3,25-Oct-19,Duckweed,176,N,6,0,0,,,1
4,1-Nov-19,Duckweed,176,N,6.5,0,0,,,1
5,8-Nov-19,Duckweed,176,N,7.5,0,0,,,1
6,15-Nov-19,Duckweed,176,N,7.5,0,0,,,1
7,22-Nov-19,Duckweed,176,N,8.3,0,0,,,1
8,29-Nov-19,Duckweed,176,N,8.5,0,0,,,1
9,6-Dec-19,Duckweed,176,N,9,0,0,,,1
10,13-Dec-19,Duckweed,176,N,9.3,1,1,,,1
11,20-Dec-19,Duckweed,176,N,9.5,0,1,,,1
12,27-Dec-19,Duckweed,176,N,9.7,0,1,,,1
13,3-Jan-20,Duckweed,176,N,10,0,1,,,1
14,10-Jan-20,Duckweed,176,N,10.2,0,1,,,1
15,17-Jan-20,Duckweed,176,N,10.2,0,1,,,1
16,24-Jan-20,Duckweed,176,N,10.2,0,1,,,1
17,31-Jan-20,Duckweed,176,N,10.5,0,1,,,1
0,4-Oct-19,Duckweed,177,N,4.6,0,0,,,1
1,11-Oct-19,Duckweed,177,N,4.8,0,0,,,1
2,18-Oct-19,Duckweed,177,N,5.4,0,0,,,1
3,25-Oct-19,Duckweed,177,N,6.4,0,0,,,1
4,1-Nov-19,Duckweed,177,N,6.9,0,0,,,1
5,8-Nov-19,Duckweed,177,N,7.6,0,0,,,1
6,15-Nov-19,Duckweed,177,N,8.5,0,0,,,1
7,22-Nov-19,Duckweed,177,N,8.9,0,0,,,1
8,29-Nov-19,Duckweed,177,N,9,0,0,,,1
9,6-Dec-19,Duckweed,177,N,9,0,0,,,1
10,13-Dec-19,Duckweed,177,N,9.8,0,0,,,1
11,20-Dec-19,Duckweed,177,N,10.5,0,0,,,1
12,27-Dec-19,Duckweed,177,N,10.5,0,0,,,1
13,3-Jan-20,Duckweed,177,N,11,0,0,,,1
14,10-Jan-20,Duckweed,177,N,11.3,0,0,,,1
15,17-Jan-20,Duckweed,177,N,12,0,0,,,1
16,24-Jan-20,Duckweed,177,N,11.8,0,0,,,1
17,31-Jan-20,Duckweed,177,N,11.5,0,0,,,1
0,4-Oct-19,Duckweed,178,N,4.6,0,0,,,1
1,11-Oct-19,Duckweed,178,N,5.1,0,0,,,1
2,18-Oct-19,Duckweed,178,N,5.7,0,0,,,1
3,25-Oct-19,Duckweed,178,N,6.2,0,0,,,1
4,1-Nov-19,Duckweed,178,N,6.9,0,0,,,1
5,8-Nov-19,Duckweed,178,N,7.3,0,0,,,1
6,15-Nov-19,Duckweed,178,N,7.5,0,0,,,1
7,22-Nov-19,Duckweed,178,N,8.5,0,0,,,1
8,29-Nov-19,Duckweed,178,N,8.3,0,0,,,1
9,6-Dec-19,Duckweed,178,N,8.8,0,0,,,1
10,13-Dec-19,Duckweed,178,N,9.3,0,0,,,1
11,20-Dec-19,Duckweed,178,N,9.6,0,0,,,1
12,27-Dec-19,Duckweed,178,N,9.9,0,0,,,1
13,3-Jan-20,Duckweed,178,N,10.2,8,8,,,1
14,10-Jan-20,Duckweed,178,N,10.6,5,13,,,1
15,17-Jan-20,Duckweed,178,N,11.3,0,13,,,1
16,24-Jan-20,Duckweed,178,N,11,0,13,,,1
17,31-Jan-20,Duckweed,178,N,11,8,21,,,1
0,4-Oct-19,Duckweed,179,N,4.8,0,0,,,1
1,11-Oct-19,Duckweed,179,N,5.3,0,0,,,1
2,18-Oct-19,Duckweed,179,N,5.9,0,0,,,1
3,25-Oct-19,Duckweed,179,N,6,0,0,,,1
4,1-Nov-19,Duckweed,179,N,6.8,0,0,,,1
5,8-Nov-19,Duckweed,179,N,7.5,0,0,,,1
6,15-Nov-19,Duckweed,179,N,7.5,0,0,,,1
7,22-Nov-19,Duckweed,179,N,8.3,0,0,,,1
8,29-Nov-19,Duckweed,179,N,8.2,0,0,,,1
9,6-Dec-19,Duckweed,179,N,8.5,0,0,,,1
10,13-Dec-19,Duckweed,179,N,9,0,0,,,1
11,20-Dec-19,Duckweed,179,N,9.5,0,0,,,1
12,27-Dec-19,Duckweed,179,N,9.5,0,0,,,1
13,3-Jan-20,Duckweed,179,N,9.5,3,3,,,1
14,10-Jan-20,Duckweed,179,N,9.8,10,13,,,1
15,17-Jan-20,Duckweed,179,N,9.8,0,13,,,1
16,24-Jan-20,Duckweed,179,N,10.7,0,13,,,1
17,31-Jan-20,Duckweed,179,N,10.8,0,13,,,1
0,4-Oct-19,Duckweed,180,N,4.8,0,0,,,1
1,11-Oct-19,Duckweed,180,N,4.8,0,0,,,1
2,18-Oct-19,Duckweed,180,N,5.5,0,0,,,1
3,25-Oct-19,Duckweed,180,N,5.8,0,0,,,1
4,1-Nov-19,Duckweed,180,N,6.6,0,0,,,1
5,8-Nov-19,Duckweed,180,N,6.9,0,0,,,1
6,15-Nov-19,Duckweed,180,N,7.5,0,0,,,1
7,22-Nov-19,Duckweed,180,N,8.2,0,0,,,1
8,29-Nov-19,Duckweed,180,N,8.4,0,0,,,1
9,6-Dec-19,Duckweed,180,N,9,0,0,,,1
10,13-Dec-19,Duckweed,180,N,9.2,0,0,,,1
11,20-Dec-19,Duckweed,180,N,9.6,0,0,,,1
12,27-Dec-19,Duckweed,180,N,9.7,0,0,,,1
13,3-Jan-20,Duckweed,180,N,10,18,18,,,1
14,10-Jan-20,Duckweed,180,N,10,15,33,,,1
15,17-Jan-20,Duckweed,180,N,10.4,0,33,,,1
16,24-Jan-20,Duckweed,180,N,10.5,0,33,,,1
17,31-Jan-20,Duckweed,180,N,10.7,0,33,,,1
