Week,Snail,Infected,Food,Length,Eggs,C_Eggs,Cerc,C_Cercs,Alive
1,1,Y,3 week,5.4,0,0,0,0,1
2,1,Y,3 week,6.7,0,0,0,0,1
3,1,Y,3 week,6.8,0,0,0,0,1
4,1,Y,3 week,6.8,0,0,106,106,1
5,1,Y,3 week,7.2,0,0,423.34,529,1
6,1,Y,3 week,7.2,0,0,200,729,1
7,1,Y,3 week,7.2,0,0,42,771,1
8,1,Y,3 week,7.2,,,,,0
9,1,Y,3 week,,,,,,0
10,1,Y,3 week,,,,,,0
11,1,Y,3 week,,,,,,0
12,1,Y,3 week,,,,,,0
13,1,Y,3 week,,,,,,0
14,1,Y,3 week,,,,,,0
1,2,Y,3 week,4.7,0,0,0,0,1
2,2,Y,3 week,5.6,0,0,0,0,1
3,2,Y,3 week,5.6,0,0,0,0,1
4,2,Y,3 week,5.8,0,0,99,99,1
5,2,Y,3 week,6.2,0,0,364.35,463,1
6,2,Y,3 week,6.4,0,0,281.07,744,1
7,2,Y,3 week,6.4,0,0,5,749,1
8,2,Y,3 week,6.4,0,0,0,749,1
9,2,Y,3 week,6.3,,,,,0
10,2,Y,3 week,,,,,,0
11,2,Y,3 week,,,,,,0
12,2,Y,3 week,,,,,,0
13,2,Y,3 week,,,,,,0
14,2,Y,3 week,,,,,,0
1,3,Y,3 week,5.5,0,0,0,0,1
2,3,Y,3 week,6.9,0,0,0,0,1
3,3,Y,3 week,7.3,0,0,0,0,1
4,3,Y,3 week,7.4,0,0,41,41,1
5,3,Y,3 week,7.9,0,0,440.69,482,1
6,3,Y,3 week,8,0,0,126,608,1
7,3,Y,3 week,8.2,0,0,33,641,1
8,3,Y,3 week,8.4,0,0,141,782,1
9,3,Y,3 week,8.3,0,0,186,968,1
10,3,Y,3 week,8.4,0,0,155,1123,1
11,3,Y,3 week,8.5,0,0,374.76,1497,1
12,3,Y,3 week,8.6,0,0,530.91,2028,1
13,3,Y,3 week,8.9,0,0,496.21,2525,1
14,3,Y,3 week,9,0,0,430.28,2955,1
1,4,Y,3 week,5.4,0,0,0,0,1
2,4,Y,3 week,6.1,0,0,0,0,1
3,4,Y,3 week,7.1,0,0,0,0,1
4,4,Y,3 week,7.3,0,0,249.84,250,1
5,4,Y,3 week,7.5,0,0,916.08,1166,1
6,4,Y,3 week,7.6,0,0,537.85,1704,1
7,4,Y,3 week,7.9,0,0,30,1734,1
8,4,Y,3 week,8,0,0,496.21,2230,1
9,4,Y,3 week,8.2,0,0,784.22,3014,1
10,4,Y,3 week,8.2,0,0,711.35,3726,1
11,4,Y,3 week,8.3,0,0,687.06,4413,1
12,4,Y,3 week,8.4,0,0,253.31,4666,1
13,4,Y,3 week,8.8,0,0,919.55,5585,1
14,4,Y,3 week,9.2,0,0,1977.9,7563,1
1,5,Y,3 week,5.5,0,0,0,0,1
2,5,Y,3 week,6.8,0,0,0,0,1
3,5,Y,3 week,7.1,0,0,0,0,1
4,5,Y,3 week,7.5,0,0,94,94,1
5,5,Y,3 week,7.9,0,0,662.77,757,1
6,5,Y,3 week,7.9,0,0,194,951,1
7,5,Y,3 week,8.1,0,0,24,975,1
8,5,Y,3 week,8.1,0,0,109,1084,1
9,5,Y,3 week,8.2,0,0,182,1266,1
10,5,Y,3 week,8.2,0,0,617.66,1883,1
11,5,Y,3 week,8.2,0,0,119,2002,1
12,5,Y,3 week,8.2,0,0,126,2128,1
13,5,Y,3 week,8.5,0,0,600.31,2729,1
14,5,Y,3 week,8.9,0,0,798.1,3527,1
1,7,Y,3 week,5.4,0,0,0,0,1
2,7,Y,3 week,6.5,0,0,0,0,1
3,7,Y,3 week,6.8,0,0,0,0,1
4,7,Y,3 week,6.9,0,0,126,126,1
5,7,Y,3 week,7.4,0,0,541.32,667,1
6,7,Y,3 week,7.3,0,0,246.37,914,1
7,7,Y,3 week,7.5,0,0,19,933,1
8,7,Y,3 week,7.5,0,0,160,1093,1
9,7,Y,3 week,7.5,0,0,106,1199,1
10,7,Y,3 week,7.7,0,0,174,1373,1
11,7,Y,3 week,7.7,0,0,149,1522,1
12,7,Y,3 week,7.7,0,0,1,1523,1
13,7,Y,3 week,7.6,,,,,0
14,7,Y,3 week,,,,,,0
1,8,Y,3 week,5.1,0,0,0,0,1
2,8,Y,3 week,6.7,0,0,0,0,1
3,8,Y,3 week,6.9,0,0,0,0,1
4,8,Y,3 week,6.8,0,0,926.49,926,1
5,8,Y,3 week,6.9,0,0,468.45,1395,1
6,8,Y,3 week,7.3,0,0,225.55,1620,1
7,8,Y,3 week,7.3,0,0,24,1644,1
8,8,Y,3 week,7.3,0,0,55,1699,1
9,8,Y,3 week,7.3,0,0,0,1699,1
10,8,Y,3 week,7.3,,,,,0
11,8,Y,3 week,,,,,,0
12,8,Y,3 week,,,,,,0
13,8,Y,3 week,,,,,,0
14,8,Y,3 week,,,,,,0
1,11,Y,3 week,5.3,0,0,0,0,1
2,11,Y,3 week,6,0,0,0,0,1
3,11,Y,3 week,6.4,0,0,0,0,1
4,11,Y,3 week,6.3,0,0,582.96,583,1
5,11,Y,3 week,6.7,0,0,102,685,1
6,11,Y,3 week,6.6,0,0,0,685,1
7,11,Y,3 week,6.3,0,0,0,685,1
8,11,Y,3 week,6.3,0,0,0,685,1
9,11,Y,3 week,,,,,,0
10,11,Y,3 week,,,,,,0
11,11,Y,3 week,,,,,,0
12,11,Y,3 week,,,,,,0
13,11,Y,3 week,,,,,,0
14,11,Y,3 week,,,,,,0
1,12,Y,3 week,5.5,0,0,0,0,1
2,12,Y,3 week,6,0,0,0,0,1
3,12,Y,3 week,6.5,0,0,0,0,1
4,12,Y,3 week,6.7,0,0,132,132,1
5,12,Y,3 week,6.7,0,0,288.01,420,1
6,12,Y,3 week,6.8,0,0,385.17,805,1
7,12,Y,3 week,7,0,0,72,877,1
8,12,Y,3 week,7.1,0,0,48,925,1
9,12,Y,3 week,6.9,0,0,31,956,1
10,12,Y,3 week,6.9,0,0,1,957,1
11,12,Y,3 week,7,,,,,0
12,12,Y,3 week,,,,,,0
13,12,Y,3 week,,,,,,0
14,12,Y,3 week,,,,,,0
1,13,Y,3 week,5.1,0,0,0,0,1
2,13,Y,3 week,6.4,0,0,0,0,1
3,13,Y,3 week,6.6,0,0,0,0,1
4,13,Y,3 week,6.7,0,0,673.18,673,1
5,13,Y,3 week,7.3,0,0,305.36,979,1
6,13,Y,3 week,7.5,0,0,167,1146,1
7,13,Y,3 week,7.5,0,0,39,1185,1
8,13,Y,3 week,7.5,0,0,119,1304,1
9,13,Y,3 week,7.6,0,0,326.18,1630,1
10,13,Y,3 week,7.6,0,0,419.87,2050,1
11,13,Y,3 week,7.7,0,0,704.41,2754,1
12,13,Y,3 week,7.7,0,0,336.59,3091,1
13,13,Y,3 week,8.1,0,0,582.96,3674,1
14,13,Y,3 week,8.1,0,0,857.09,4531,1
1,14,Y,3 week,5.1,0,0,0,0,1
2,14,Y,3 week,6.3,0,0,0,0,1
3,14,Y,3 week,6.6,0,0,0,0,1
4,14,Y,3 week,6.5,0,0,419.87,420,1
5,14,Y,3 week,6.8,0,0,160,580,1
6,14,Y,3 week,6.9,0,0,53,633,1
7,14,Y,3 week,6.9,0,0,22,655,1
8,14,Y,3 week,6.9,0,0,2,657,1
9,14,Y,3 week,6.9,0,0,4,661,1
10,14,Y,3 week,6.9,0,0,0,661,1
11,14,Y,3 week,6.9,,,,,0
12,14,Y,3 week,,,,,,0
13,14,Y,3 week,,,,,,0
14,14,Y,3 week,,,,,,0
1,15,Y,3 week,5,0,0,0,0,1
2,15,Y,3 week,5.6,0,0,0,0,1
3,15,Y,3 week,6.4,0,0,0,0,1
4,15,Y,3 week,6,0,0,496.21,496,1
5,15,Y,3 week,6.2,0,0,235.96,732,1
6,15,Y,3 week,6.3,0,0,93.69,826,1
7,15,Y,3 week,6.4,0,0,12,838,1
8,15,Y,3 week,6.4,0,0,119,957,1
9,15,Y,3 week,6.5,0,0,312.3,1269,1
10,15,Y,3 week,6.5,0,0,71,1340,1
11,15,Y,3 week,6.6,0,0,305.36,1646,1
12,15,Y,3 week,6.6,0,0,51,1697,1
13,15,Y,3 week,6.8,0,0,253.31,1950,1
14,15,Y,3 week,7.3,0,0,548.26,2498,1
1,17,Y,3 week,5.2,0,0,0,0,1
2,17,Y,3 week,6.4,0,0,0,0,1
3,17,Y,3 week,6.6,0,0,0,0,1
4,17,Y,3 week,6.8,0,0,231,231,1
5,17,Y,3 week,7.2,0,0,108,339,1
6,17,Y,3 week,7.2,0,0,71,410,1
7,17,Y,3 week,7.5,0,0,5,415,1
8,17,Y,3 week,7.5,0,0,143,558,1
9,17,Y,3 week,7.5,0,0,60,618,1
10,17,Y,3 week,7.5,0,0,222.08,840,1
11,17,Y,3 week,7.5,0,0,222.08,1062,1
12,17,Y,3 week,7.6,0,0,156.15,1218,1
13,17,Y,3 week,7.9,0,0,163.09,1381,1
14,17,Y,3 week,8,0,0,423.34,1805,1
1,18,Y,3 week,4.9,0,0,0,0,1
2,18,Y,3 week,6.3,0,0,0,0,1
3,18,Y,3 week,6.5,0,0,0,0,1
4,18,Y,3 week,6.8,0,0,179,179,1
5,18,Y,3 week,6.8,0,0,364.35,543,1
6,18,Y,3 week,6.9,0,0,440.69,984,1
7,18,Y,3 week,7,0,0,87,1071,1
8,18,Y,3 week,7,0,0,340.06,1411,1
9,18,Y,3 week,6.9,0,0,133,1544,1
10,18,Y,3 week,6.9,0,0,444.16,1988,1
11,18,Y,3 week,7,0,0,694,2682,1
12,18,Y,3 week,7,0,0,187.38,2870,1
13,18,Y,3 week,7.6,0,0,402.52,3272,1
14,18,Y,3 week,7.8,0,0,655.83,3928,1
1,19,Y,3 week,4.8,0,0,0,0,1
2,19,Y,3 week,6.3,0,0,0,0,1
3,19,Y,3 week,6.4,0,0,0,0,1
4,19,Y,3 week,6.3,0,0,579.49,579,1
5,19,Y,3 week,6.6,0,0,340.06,920,1
6,19,Y,3 week,6.7,0,0,61,981,1
7,19,Y,3 week,6.7,0,0,0,981,1
8,19,Y,3 week,6.6,0,0,0,981,1
9,19,Y,3 week,6.5,,,,,0
10,19,Y,3 week,,,,,,0
11,19,Y,3 week,,,,,,0
12,19,Y,3 week,,,,,,0
13,19,Y,3 week,,,,,,0
14,19,Y,3 week,,,,,,0
1,21,Y,3 week,5.3,0,0,0,0,1
2,21,Y,3 week,6.4,0,0,0,0,1
3,21,Y,3 week,7,0,0,0,0,1
4,21,Y,3 week,7,0,0,63,63,1
5,21,Y,3 week,7.2,0,0,308.83,372,1
6,21,Y,3 week,7.3,0,0,430.28,802,1
7,21,Y,3 week,7.5,0,0,44,846,1
8,21,Y,3 week,7.6,0,0,77,923,1
9,21,Y,3 week,7.7,0,0,94,1017,1
10,21,Y,3 week,7.7,0,0,35,1052,1
11,21,Y,3 week,7.7,0,0,73,1125,1
12,21,Y,3 week,7.7,0,0,23,1148,1
13,21,Y,3 week,7.6,0,0,364.35,1512,1
14,21,Y,3 week,7.6,0,0,506.62,2019,1
1,22,Y,3 week,5,0,0,0,0,1
2,22,Y,3 week,6.3,0,0,0,0,1
3,22,Y,3 week,6.5,0,0,0,0,1
4,22,Y,3 week,6.6,0,0,102,102,1
5,22,Y,3 week,6.7,0,0,298.42,400,1
6,22,Y,3 week,6.7,0,0,107,507,1
7,22,Y,3 week,6.8,0,0,2,509,1
8,22,Y,3 week,6.9,0,0,38,547,1
9,22,Y,3 week,6.9,0,0,28,575,1
10,22,Y,3 week,7.1,0,0,220,795,1
11,22,Y,3 week,7.2,0,0,534.38,1330,1
12,22,Y,3 week,7.2,0,0,149,1479,1
13,22,Y,3 week,7.6,0,0,229.02,1708,1
14,22,Y,3 week,8.4,0,0,947.31,2655,1
1,23,N,3 week,5.2,0,0,,,1
2,23,N,3 week,6.2,0,0,,,1
3,23,N,3 week,6.5,0,0,,,1
4,23,N,3 week,6.4,0,0,,,0
5,23,N,3 week,,,,,,0
6,23,N,3 week,,,,,,0
7,23,N,3 week,,,,,,0
8,23,N,3 week,,,,,,0
9,23,N,3 week,,,,,,0
10,23,N,3 week,,,,,,0
11,23,N,3 week,,,,,,0
12,23,N,3 week,,,,,,0
13,23,N,3 week,,,,,,0
14,23,N,3 week,,,,,,0
1,24,N,3 week,4.6,0,0,,,1
2,24,N,3 week,5.3,0,0,,,1
3,24,N,3 week,5.8,0,0,,,1
4,24,N,3 week,6.3,0,0,,,1
5,24,N,3 week,7.1,0,0,,,1
6,24,N,3 week,7.4,0,0,,,1
7,24,N,3 week,7.6,0,0,,,1
8,24,N,3 week,7.8,0,0,,,1
9,24,N,3 week,8.2,0,0,,,1
10,24,N,3 week,8.2,0,0,,,1
11,24,N,3 week,8.5,1,1,,,1
12,24,N,3 week,8.6,0,1,,,1
13,24,N,3 week,8.8,0,1,,,1
14,24,N,3 week,9.2,0,1,,,1
1,25,N,3 week,5,0,0,,,1
2,25,N,3 week,6,0,0,,,1
3,25,N,3 week,6.4,0,0,,,1
4,25,N,3 week,6.8,0,0,,,1
5,25,N,3 week,7.1,0,0,,,1
6,25,N,3 week,7.6,0,0,,,1
7,25,N,3 week,7.8,0,0,,,1
8,25,N,3 week,8.2,0,0,,,1
9,25,N,3 week,8.5,0,0,,,1
10,25,N,3 week,8.6,0,0,,,1
11,25,N,3 week,8.6,0,0,,,1
12,25,N,3 week,8.9,0,0,,,1
13,25,N,3 week,9.5,0,0,,,1
14,25,N,3 week,10.2,3,3,,,1
1,26,N,3 week,5.4,0,0,,,1
2,26,N,3 week,6.4,0,0,,,1
3,26,N,3 week,6.4,0,0,,,1
4,26,N,3 week,7,0,0,,,1
5,26,N,3 week,7.5,0,0,,,1
6,26,N,3 week,7.9,0,0,,,1
7,26,N,3 week,8.1,0,0,,,1
8,26,N,3 week,8.2,0,0,,,1
9,26,N,3 week,8.6,0,0,,,1
10,26,N,3 week,8.6,0,0,,,1
11,26,N,3 week,8.8,0,0,,,1
12,26,N,3 week,9.1,0,0,,,1
13,26,N,3 week,9.9,12,12,,,1
14,26,N,3 week,10.2,12,24,,,1
1,27,N,3 week,5.5,0,0,,,1
2,27,N,3 week,6.2,0,0,,,1
3,27,N,3 week,6.6,0,0,,,1
4,27,N,3 week,7.2,0,0,,,1
5,27,N,3 week,7.6,0,0,,,1
6,27,N,3 week,7.9,0,0,,,1
7,27,N,3 week,7.9,0,0,,,1
8,27,N,3 week,8.1,0,0,,,1
9,27,N,3 week,8.7,0,0,,,1
10,27,N,3 week,8.8,0,0,,,1
11,27,N,3 week,9,0,0,,,1
12,27,N,3 week,9.4,0,0,,,1
13,27,N,3 week,10.3,0,0,,,1
14,27,N,3 week,10.7,3,3,,,1
1,28,N,3 week,5.5,0,0,,,1
2,28,N,3 week,6.5,0,0,,,1
3,28,N,3 week,7,0,0,,,1
4,28,N,3 week,7.5,0,0,,,1
5,28,N,3 week,7.9,0,0,,,1
6,28,N,3 week,8.4,0,0,,,1
7,28,N,3 week,8.5,0,0,,,1
8,28,N,3 week,8.7,0,0,,,1
9,28,N,3 week,9,0,0,,,1
10,28,N,3 week,9.1,0,0,,,1
11,28,N,3 week,9.3,0,0,,,1
12,28,N,3 week,9.5,0,0,,,1
13,28,N,3 week,10.1,0,0,,,1
14,28,N,3 week,10.5,22,22,,,1
1,29,N,3 week,4.4,0,0,,,1
2,29,N,3 week,5.3,0,0,,,1
3,29,N,3 week,5.9,0,0,,,1
4,29,N,3 week,6.5,0,0,,,1
5,29,N,3 week,7.4,0,0,,,1
6,29,N,3 week,7.8,0,0,,,1
7,29,N,3 week,8.1,0,0,,,1
8,29,N,3 week,8.5,0,0,,,1
9,29,N,3 week,9,0,0,,,1
10,29,N,3 week,9.1,0,0,,,1
11,29,N,3 week,9.3,0,0,,,1
12,29,N,3 week,9.7,0,0,,,1
13,29,N,3 week,10.5,0,0,,,1
14,29,N,3 week,11.2,3,3,,,1
1,30,N,3 week,5.6,0,0,,,1
2,30,N,3 week,6.9,0,0,,,1
3,30,N,3 week,6.9,0,0,,,1
4,30,N,3 week,7,0,0,,,1
5,30,N,3 week,7.6,0,0,,,1
6,30,N,3 week,7.8,0,0,,,1
7,30,N,3 week,7.9,0,0,,,1
8,30,N,3 week,8,0,0,,,1
9,30,N,3 week,8.2,0,0,,,1
10,30,N,3 week,8.4,0,0,,,1
11,30,N,3 week,8.5,0,0,,,1
12,30,N,3 week,8.7,0,0,,,1
13,30,N,3 week,9.5,0,0,,,1
14,30,N,3 week,10.1,0,0,,,1
1,31,Y,7 week ,5,0,0,0,0,1
2,31,Y,7 week ,7.1,0,0,0,0,1
3,31,Y,7 week ,7.4,0,0,0,0,1
4,31,Y,7 week ,8.4,0,0,165,165,1
5,31,Y,7 week ,8.5,0,0,573,738,1
6,31,Y,7 week ,9,0,0,253,991,1
7,31,Y,7 week ,9,0,0,364,1355,1
8,31,Y,7 week ,9,0,0,621.13,1976,1
9,31,Y,7 week ,8.9,0,0,485.8,2462,1
10,31,Y,7 week ,8.9,0,0,635.01,3097,1
11,31,Y,7 week ,8.9,0,0,105,3202,1
12,31,Y,7 week ,8.9,0,0,53,3255,1
13,31,Y,7 week ,8.9,0,0,70,3325,1
14,31,Y,7 week ,8.9,9,9,9,3334,1
1,36,Y,7 week ,5.2,0,0,0,0,1
2,36,Y,7 week ,7.7,0,0,0,0,1
3,36,Y,7 week ,8,0,0,0,0,1
4,36,Y,7 week ,9,0,0,13,13,1
5,36,Y,7 week ,9.4,0,0,406,419,1
6,36,Y,7 week ,9.3,0,0,86,505,1
7,36,Y,7 week ,9.4,0,0,100,605,1
8,36,Y,7 week ,9.4,0,0,464.98,1070,1
9,36,Y,7 week ,9.4,0,0,142,1212,1
10,36,Y,7 week ,9.4,0,0,152,1364,1
11,36,Y,7 week ,9.4,0,0,109,1473,1
12,36,Y,7 week ,9.5,0,0,8,1481,1
13,36,Y,7 week ,9.4,,,,,0
14,36,Y,7 week ,,,,,,0
1,37,Y,7 week ,5.6,0,0,0,0,1
2,37,Y,7 week ,7.8,0,0,0,0,1
3,37,Y,7 week ,8.1,0,0,0,0,1
4,37,Y,7 week ,9.2,0,0,0,0,1
5,37,Y,7 week ,9.7,0,0,86,86,1
6,37,Y,7 week ,9.7,0,0,62,148,1
7,37,Y,7 week ,9.8,0,0,208,356,1
8,37,Y,7 week ,9.9,0,0,454.57,811,1
9,37,Y,7 week ,10,0,0,742.58,1553,1
10,37,Y,7 week ,10,0,0,600.31,2153,1
11,37,Y,7 week ,10,0,0,343.53,2497,1
12,37,Y,7 week ,10.1,0,0,468.45,2965,1
13,37,Y,7 week ,10,0,0,308.83,3274,1
14,37,Y,7 week ,10,0,0,53,3327,1
1,38,Y,7 week ,4.5,0,0,0,0,1
2,38,Y,7 week ,7.1,0,0,0,0,1
3,38,Y,7 week ,7.3,0,0,0,0,1
4,38,Y,7 week ,8.7,0,0,97,97,1
5,38,Y,7 week ,9,0,0,847,944,1
6,38,Y,7 week ,8.9,0,0,420,1364,1
7,38,Y,7 week ,9.3,0,0,458,1822,1
8,38,Y,7 week ,9.3,0,0,988.95,2811,1
9,38,Y,7 week ,9.2,0,0,680.12,3491,1
10,38,Y,7 week ,9.3,0,0,496.21,3987,1
11,38,Y,7 week ,9.4,0,0,169,4156,1
12,38,Y,7 week ,9.4,0,0,170.03,4326,1
13,38,Y,7 week ,9.4,0,0,72,4398,1
14,38,Y,7 week ,9.3,,,,,0
1,41,Y,7 week ,4.9,0,0,0,0,1
2,41,Y,7 week ,7.7,0,0,0,0,1
3,41,Y,7 week ,7.9,0,0,0,0,1
4,41,Y,7 week ,8.7,0,0,0,0,1
5,41,Y,7 week ,8.4,0,0,979,979,1
6,41,Y,7 week ,8.5,0,0,656,1635,1
7,41,Y,7 week ,8.7,0,0,274,1909,1
8,41,Y,7 week ,8.7,0,0,267.19,2176,1
9,41,Y,7 week ,8.8,0,0,544.79,2721,1
10,41,Y,7 week ,8.9,0,0,433.75,3155,1
11,41,Y,7 week ,8.9,0,0,343.53,3498,1
12,41,Y,7 week ,9,0,0,30,3528,1
13,41,Y,7 week ,8.9,0,0,83,3611,1
14,41,Y,7 week ,9,0,0,0,3611,1
1,42,Y,7 week ,5.1,0,0,0,0,1
2,42,Y,7 week ,7,0,0,0,0,1
3,42,Y,7 week ,7.5,0,0,0,0,1
4,42,Y,7 week ,8,0,0,110,110,1
5,42,Y,7 week ,8.1,0,0,930,1040,1
6,42,Y,7 week ,8.1,0,0,166,1206,1
7,42,Y,7 week ,8.3,0,0,389,1595,1
8,42,Y,7 week ,8.3,0,0,263.72,1859,1
9,42,Y,7 week ,8.3,0,0,530.91,2390,1
10,42,Y,7 week ,8.3,0,0,697.47,3087,1
11,42,Y,7 week ,8.3,0,0,405.99,3493,1
12,42,Y,7 week ,8.4,0,0,62,3555,1
13,42,Y,7 week ,8.4,0,0,0,3555,1
14,42,Y,7 week ,8.4,0,0,0,3555,1
1,43,Y,7 week ,5.4,0,0,0,0,1
2,43,Y,7 week ,7.7,0,0,0,0,1
3,43,Y,7 week ,7.8,0,0,0,0,1
4,43,Y,7 week ,8.8,0,0,0,0,1
5,43,Y,7 week ,9.2,0,0,51,51,1
6,43,Y,7 week ,9.2,0,0,413,464,1
7,43,Y,7 week ,9.5,0,0,694,1158,1
8,43,Y,7 week ,9.5,0,0,808.51,1967,1
9,43,Y,7 week ,9.6,0,0,171,2138,1
10,43,Y,7 week ,9.6,0,0,506.62,2644,1
11,43,Y,7 week ,9.6,0,0,690.53,3335,1
12,43,Y,7 week ,9.7,0,0,329.65,3664,1
13,43,Y,7 week ,9.7,0,0,305.36,3970,1
14,43,Y,7 week ,9.6,0,0,,,0
1,44,Y,7 week ,5.6,0,0,0,0,1
2,44,Y,7 week ,7.4,0,0,0,0,1
3,44,Y,7 week ,7.6,0,0,0,0,1
4,44,Y,7 week ,9.2,0,0,0,0,1
5,44,Y,7 week ,9.4,0,0,278,278,1
6,44,Y,7 week ,9.4,0,0,91,369,1
7,44,Y,7 week ,9.5,0,0,114,483,1
8,44,Y,7 week ,9.5,0,0,281.07,764,1
9,44,Y,7 week ,9.5,0,0,468.45,1233,1
10,44,Y,7 week ,9.5,0,0,530.91,1763,1
11,44,Y,7 week ,9.5,0,0,336.59,2100,1
12,44,Y,7 week ,9.5,0,0,107,2207,1
13,44,Y,7 week ,9.4,0,0,16,2223,1
14,44,Y,7 week ,9.5,0,0,,,0
1,45,Y,7 week ,5.1,0,0,0,0,1
2,45,Y,7 week ,7.7,0,0,0,0,1
3,45,Y,7 week ,7.8,0,0,0,0,1
4,45,Y,7 week ,8.8,0,0,163,163,1
5,45,Y,7 week ,9,0,0,642,805,1
6,45,Y,7 week ,9,0,0,271,1076,1
7,45,Y,7 week ,9.3,0,0,215,1291,1
8,45,Y,7 week ,9.3,0,0,149.21,1440,1
9,45,Y,7 week ,9.3,0,0,274.13,1714,1
10,45,Y,7 week ,9.3,0,0,322.71,2037,1
11,45,Y,7 week ,9.3,0,0,270.66,2308,1
12,45,Y,7 week ,9.3,0,0,95,2403,1
13,45,Y,7 week ,9.3,0,0,79.81,2483,1
14,45,Y,7 week ,9.3,0,0,7,2490,1
1,47,Y,7 week ,5.6,0,0,0,0,1
2,47,Y,7 week ,7.6,0,0,0,0,1
3,47,Y,7 week ,7.8,0,0,0,0,1
4,47,Y,7 week ,8.6,0,0,7,7,1
5,47,Y,7 week ,9,0,0,389,396,1
6,47,Y,7 week ,9,0,0,337,733,1
7,47,Y,7 week ,9.5,0,0,354,1087,1
8,47,Y,7 week ,9.6,0,0,183.19,1270,1
9,47,Y,7 week ,9.7,0,0,596.84,1867,1
10,47,Y,7 week ,9.7,0,0,510.09,2377,1
11,47,Y,7 week ,9.9,0,0,333.12,2710,1
12,47,Y,7 week ,9.9,0,0,218.61,2929,1
13,47,Y,7 week ,9.9,0,0,141,3070,1
14,47,Y,7 week ,10,0,0,26,3096,1
1,49,Y,7 week ,5.3,0,0,0,0,1
2,49,Y,7 week ,8,0,0,0,0,1
3,49,Y,7 week ,8.2,0,0,0,0,1
4,49,Y,7 week ,9.4,0,0,20,20,1
5,49,Y,7 week ,9.6,0,0,243,263,1
6,49,Y,7 week ,9.6,0,0,171,434,1
7,49,Y,7 week ,9.9,0,0,316,750,1
8,49,Y,7 week ,9.9,0,0,211.67,962,1
9,49,Y,7 week ,10,0,0,513.56,1475,1
10,49,Y,7 week ,10,0,0,99,1574,1
11,49,Y,7 week ,10,0,0,229.02,1803,1
12,49,Y,7 week ,10.1,0,0,118,1921,1
13,49,Y,7 week ,10.1,0,0,173.5,2095,1
14,49,Y,7 week ,10.1,0,0,40,2135,1
1,51,Y,7 week ,5.5,0,0,0,0,1
2,51,Y,7 week ,7.6,0,0,0,0,1
3,51,Y,7 week ,7.7,0,0,0,0,1
4,51,Y,7 week ,8.7,0,0,21,21,1
5,51,Y,7 week ,9,0,0,642,663,1
6,51,Y,7 week ,9,0,0,357,1020,1
7,51,Y,7 week ,9.1,0,0,184,1204,1
8,51,Y,7 week ,9.1,0,0,517.03,1721,1
9,51,Y,7 week ,9.1,0,0,499.68,2221,1
10,51,Y,7 week ,9.2,0,0,197.79,2419,1
11,51,Y,7 week ,9.3,0,0,596.84,3015,1
12,51,Y,7 week ,9.4,0,0,249.84,3265,1
13,51,Y,7 week ,9.4,0,0,610.72,3876,1
14,51,Y,7 week ,9.4,0,0,135.33,4011,1
1,52,Y,7 week ,4.5,0,0,0,0,1
2,52,Y,7 week ,6.2,0,0,0,0,1
3,52,Y,7 week ,7.2,0,0,0,0,1
4,52,Y,7 week ,8.5,0,0,118,118,1
5,52,Y,7 week ,8.5,0,0,718,836,1
6,52,Y,7 week ,8.5,0,0,215,1051,1
7,52,Y,7 week ,8.4,0,0,129,1180,1
8,52,Y,7 week ,8.4,0,0,929.96,2110,1
9,52,Y,7 week ,8.5,0,0,240,2350,1
10,52,Y,7 week ,8.5,0,0,378.23,2728,1
11,52,Y,7 week ,8.6,0,0,322.71,3051,1
12,52,Y,7 week ,8.7,0,0,201.26,3252,1
13,52,Y,7 week ,8.6,,,,,0
14,52,Y,7 week ,,,,,,0
1,53,N,7 week ,6.1,0,0,,,1
2,53,N,7 week ,8.2,0,0,,,1
3,53,N,7 week ,8.5,0,0,,,1
4,53,N,7 week ,9.5,0,0,,,1
5,53,N,7 week ,9.9,0,0,,,1
6,53,N,7 week ,9.9,0,0,,,1
7,53,N,7 week ,10.3,0,0,,,1
8,53,N,7 week ,10.3,0,0,,,1
9,53,N,7 week ,10.5,0,0,,,1
10,53,N,7 week ,10.7,6,6,,,1
11,53,N,7 week ,10.7,0,6,,,1
12,53,N,7 week ,10.9,0,6,,,1
13,53,N,7 week ,10.9,0,6,,,1
14,53,N,7 week ,11,0,6,,,1
1,54,N,7 week ,5,0,0,,,1
2,54,N,7 week ,7.2,0,0,,,1
3,54,N,7 week ,7.4,0,0,,,1
4,54,N,7 week ,8.6,0,0,,,1
5,54,N,7 week ,9.3,0,0,,,1
6,54,N,7 week ,9.3,0,0,,,1
7,54,N,7 week ,9.9,0,0,,,1
8,54,N,7 week ,10,0,0,,,1
9,54,N,7 week ,10.3,0,0,,,1
10,54,N,7 week ,10.4,0,0,,,1
11,54,N,7 week ,10.5,0,0,,,1
12,54,N,7 week ,10.6,0,0,,,1
13,54,N,7 week ,10.6,0,0,,,1
14,54,N,7 week ,10.6,0,0,,,1
1,55,N,7 week ,4.6,0,0,,,1
2,55,N,7 week ,6,0,0,,,1
3,55,N,7 week ,6,0,0,,,1
4,55,N,7 week ,6,0,0,,,0
5,55,N,7 week ,,,,,,0
6,55,N,7 week ,,,,,,0
7,55,N,7 week ,,,,,,0
8,55,N,7 week ,,,,,,0
9,55,N,7 week ,,,,,,0
10,55,N,7 week ,,,,,,0
11,55,N,7 week ,,,,,,0
12,55,N,7 week ,,,,,,0
13,55,N,7 week ,,,,,,0
14,55,N,7 week ,,,,,,0
1,56,N,7 week ,5.3,0,0,,,1
2,56,N,7 week ,7.8,0,0,,,1
3,56,N,7 week ,7.9,0,0,,,1
4,56,N,7 week ,8.6,0,0,,,1
5,56,N,7 week ,9.2,0,0,,,1
6,56,N,7 week ,9.1,0,0,,,1
7,56,N,7 week ,9.8,0,0,,,1
8,56,N,7 week ,9.8,12,12,,,1
9,56,N,7 week ,10,16,28,,,1
10,56,N,7 week ,10.2,3,31,,,1
11,56,N,7 week ,10.4,23,54,,,1
12,56,N,7 week ,10.6,0,54,,,1
13,56,N,7 week ,10.6,0,54,,,1
14,56,N,7 week ,10.5,0,54,,,1
1,57,N,7 week ,5.4,0,0,,,1
2,57,N,7 week ,7.5,0,0,,,1
3,57,N,7 week ,7.7,0,0,,,1
4,57,N,7 week ,8.3,0,0,,,1
5,57,N,7 week ,8.9,0,0,,,1
6,57,N,7 week ,8.9,0,0,,,1
7,57,N,7 week ,9.5,0,0,,,1
8,57,N,7 week ,9.7,0,0,,,1
9,57,N,7 week ,10.1,0,0,,,1
10,57,N,7 week ,10.3,0,0,,,1
11,57,N,7 week ,10.6,0,0,,,1
12,57,N,7 week ,10.7,0,0,,,1
13,57,N,7 week ,10.7,0,0,,,1
14,57,N,7 week ,10.7,0,0,,,1
1,58,N,7 week ,5.3,0,0,,,1
2,58,N,7 week ,7.3,0,0,,,1
3,58,N,7 week ,7.6,0,0,,,1
4,58,N,7 week ,8.5,0,0,,,1
5,58,N,7 week ,9,0,0,,,1
6,58,N,7 week ,9,0,0,,,1
7,58,N,7 week ,9.7,0,0,,,1
8,58,N,7 week ,9.9,0,0,,,1
9,58,N,7 week ,10.1,5,5,,,1
10,58,N,7 week ,10.2,3,8,,,1
11,58,N,7 week ,10.5,2,10,,,1
12,58,N,7 week ,10.7,0,10,,,1
13,58,N,7 week ,10.7,0,10,,,1
14,58,N,7 week ,10.7,0,10,,,1
1,59,N,7 week ,5.5,0,0,,,1
2,59,N,7 week ,7.4,0,0,,,1
3,59,N,7 week ,7.5,0,0,,,1
4,59,N,7 week ,8.5,0,0,,,1
5,59,N,7 week ,8.8,0,0,,,1
6,59,N,7 week ,8.8,0,0,,,1
7,59,N,7 week ,9.5,0,0,,,1
8,59,N,7 week ,9.7,0,0,,,1
9,59,N,7 week ,10.1,0,0,,,1
10,59,N,7 week ,10.3,0,0,,,1
11,59,N,7 week ,10.5,0,0,,,1
12,59,N,7 week ,10.7,0,0,,,1
13,59,N,7 week ,10.7,0,0,,,1
14,59,N,7 week ,10.6,0,0,,,1
1,60,N,7 week ,4.5,0,0,,,1
2,60,N,7 week ,7,0,0,,,1
3,60,N,7 week ,7.1,0,0,,,1
4,60,N,7 week ,8.4,0,0,,,1
5,60,N,7 week ,8.8,0,0,,,1
6,60,N,7 week ,8.9,0,0,,,1
7,60,N,7 week ,9.4,0,0,,,1
8,60,N,7 week ,9.5,0,0,,,1
9,60,N,7 week ,9.8,4,4,,,1
10,60,N,7 week ,10,0,4,,,1
11,60,N,7 week ,10.2,7,11,,,1
12,60,N,7 week ,10.4,0,11,,,1
13,60,N,7 week ,10.4,0,11,,,1
14,60,N,7 week ,10.4,0,11,,,1
1,63,Y,2 day,4.8,0,0,0,0,1
2,63,Y,2 day,6.7,0,0,0,0,1
3,63,Y,2 day,7.2,0,0,0,0,1
4,63,Y,2 day,7.8,0,0,32,32,1
5,63,Y,2 day,8.3,0,0,160,192,1
6,63,Y,2 day,8.3,0,0,111,303,1
7,63,Y,2 day,8.3,0,0,66,369,1
8,63,Y,2 day,8.3,0,0,160,529,1
9,63,Y,2 day,8.2,0,0,246.37,775,1
10,63,Y,2 day,8.5,0,0,405.99,1181,1
11,63,Y,2 day,8.5,0,0,617.66,1799,1
12,63,Y,2 day,8.5,0,0,21,1820,1
13,63,Y,2 day,8.4,0,0,256.78,2077,1
14,63,Y,2 day,8.5,0,0,263.72,2341,1
1,64,Y,2 day,5.5,0,0,0,0,1
2,64,Y,2 day,7,0,0,0,0,1
3,64,Y,2 day,7.5,0,0,0,0,1
4,64,Y,2 day,7.7,0,0,91,91,1
5,64,Y,2 day,7.8,0,0,174,265,1
6,64,Y,2 day,8,0,0,0,265,1
7,64,Y,2 day,8,,,,,0
8,64,Y,2 day,,,,,,0
9,64,Y,2 day,,,,,,0
10,64,Y,2 day,,,,,,0
11,64,Y,2 day,,,,,,0
12,64,Y,2 day,,,,,,0
13,64,Y,2 day,,,,,,0
14,64,Y,2 day,,,,,,0
1,68,Y,2 day,5.2,0,0,0,0,1
2,68,Y,2 day,7.2,0,0,0,0,1
3,68,Y,2 day,8.4,0,0,0,0,1
4,68,Y,2 day,8.4,0,0,106,106,1
5,68,Y,2 day,8.7,0,0,118,224,1
6,68,Y,2 day,8.8,0,0,295,519,1
7,68,Y,2 day,8.8,0,0,33,552,1
8,68,Y,2 day,8.8,0,0,0,552,1
9,68,Y,2 day,8.8,,,,,0
10,68,Y,2 day,,,,,,0
11,68,Y,2 day,,,,,,0
12,68,Y,2 day,,,,,,0
13,68,Y,2 day,,,,,,0
14,68,Y,2 day,,,,,,0
1,70,Y,2 day,5.1,0,0,0,0,1
2,70,Y,2 day,6.2,0,0,0,0,1
3,70,Y,2 day,7.3,0,0,0,0,1
4,70,Y,2 day,8,0,0,0,0,1
5,70,Y,2 day,8.3,0,0,53,53,1
6,70,Y,2 day,8.3,0,0,130,183,1
7,70,Y,2 day,8.3,0,0,250,433,1
8,70,Y,2 day,8.3,0,0,260.25,693,1
9,70,Y,2 day,8.5,0,0,392.11,1085,1
10,70,Y,2 day,8.8,0,0,482.33,1568,1
11,70,Y,2 day,8.9,0,0,437.22,2005,1
12,70,Y,2 day,9,0,0,131.86,2137,1
13,70,Y,2 day,9,0,0,350.47,2487,1
14,70,Y,2 day,9.1,0,0,350.47,2838,1
1,72,Y,2 day,5.7,0,0,0,0,1
2,72,Y,2 day,7.1,0,0,0,0,1
3,72,Y,2 day,7.8,0,0,0,0,1
4,72,Y,2 day,8,0,0,72,72,1
5,72,Y,2 day,8.2,0,0,160,232,1
6,72,Y,2 day,8.3,0,0,38,270,1
7,72,Y,2 day,8.3,0,0,99,369,1
8,72,Y,2 day,8.3,0,0,277.6,647,1
9,72,Y,2 day,8.3,0,0,517.03,1164,1
10,72,Y,2 day,8.5,0,0,503.15,1667,1
11,72,Y,2 day,8.5,0,0,416.4,2083,1
12,72,Y,2 day,8.6,0,0,315.77,2399,1
13,72,Y,2 day,8.7,0,0,707.88,3107,1
14,72,Y,2 day,8.7,0,0,405.99,3513,1
1,75,Y,2 day,6.1,0,0,0,0,1
2,75,Y,2 day,7,0,0,0,0,1
3,75,Y,2 day,7.5,0,0,0,0,1
4,75,Y,2 day,8.3,0,0,0,0,1
5,75,Y,2 day,8.5,0,0,0,0,1
6,75,Y,2 day,8.7,0,0,33,33,1
7,75,Y,2 day,9,0,0,174,207,1
8,75,Y,2 day,9.2,0,0,145,352,1
9,75,Y,2 day,9.3,0,0,409.46,761,1
10,75,Y,2 day,9.7,0,0,510.09,1272,1
11,75,Y,2 day,9.8,0,0,353.94,1625,1
12,75,Y,2 day,9.8,0,0,69,1694,1
13,75,Y,2 day,9.9,0,0,232.49,1927,1
14,75,Y,2 day,10,0,0,298.42,2225,1
1,83,N,2 day,5.5,0,0,,,1
2,83,N,2 day,6.5,0,0,,,1
3,83,N,2 day,7,0,0,,,1
4,83,N,2 day,7.3,0,0,,,1
5,83,N,2 day,7.6,0,0,,,1
6,83,N,2 day,7.7,0,0,,,1
7,83,N,2 day,7.7,0,0,,,1
8,83,N,2 day,7.8,0,0,,,1
9,83,N,2 day,8.3,0,0,,,1
10,83,N,2 day,8.3,0,0,,,1
11,83,N,2 day,8.3,0,0,,,1
12,83,N,2 day,8.3,0,0,,,1
13,83,N,2 day,8.5,0,0,,,1
14,83,N,2 day,8.5,0,0,,,1
1,84,N,2 day,5.5,0,0,,,1
2,84,N,2 day,6.9,0,0,,,1
3,84,N,2 day,7.4,0,0,,,1
4,84,N,2 day,7.5,0,0,,,1
5,84,N,2 day,7.9,0,0,,,1
6,84,N,2 day,7.9,0,0,,,1
7,84,N,2 day,8,0,0,,,1
8,84,N,2 day,8.1,0,0,,,1
9,84,N,2 day,8.3,0,0,,,1
10,84,N,2 day,8.3,0,0,,,1
11,84,N,2 day,8.7,0,0,,,1
12,84,N,2 day,8.4,0,0,,,1
13,84,N,2 day,8.5,0,0,,,1
14,84,N,2 day,8.6,0,0,,,1
1,85,N,2 day,5.7,0,0,,,1
2,85,N,2 day,6.9,0,0,,,1
3,85,N,2 day,7.8,0,0,,,1
4,85,N,2 day,8,0,0,,,1
5,85,N,2 day,8.2,0,0,,,1
6,85,N,2 day,8.2,0,0,,,1
7,85,N,2 day,8.6,0,0,,,1
8,85,N,2 day,8.7,0,0,,,1
9,85,N,2 day,8.8,0,0,,,1
10,85,N,2 day,9,0,0,,,1
11,85,N,2 day,9,0,0,,,1
12,85,N,2 day,9.1,0,0,,,1
13,85,N,2 day,9,0,0,,,1
14,85,N,2 day,9.1,0,0,,,1
1,86,N,2 day,5.1,0,0,,,1
2,86,N,2 day,6.1,0,0,,,1
3,86,N,2 day,6.2,0,0,,,0
4,86,N,2 day,,,,,,0
5,86,N,2 day,,,,,,0
6,86,N,2 day,,,,,,0
7,86,N,2 day,,,,,,0
8,86,N,2 day,,,,,,0
9,86,N,2 day,,,,,,0
10,86,N,2 day,,,,,,0
11,86,N,2 day,,,,,,0
12,86,N,2 day,,,,,,0
13,86,N,2 day,,,,,,0
14,86,N,2 day,,,,,,0
1,87,N,2 day,4.4,0,0,,,1
2,87,N,2 day,4.8,0,0,,,1
3,87,N,2 day,5.1,0,0,,,1
4,87,N,2 day,5.7,0,0,,,1
5,87,N,2 day,6.4,0,0,,,1
6,87,N,2 day,6.7,0,0,,,1
7,87,N,2 day,6.7,0,0,,,1
8,87,N,2 day,6.7,0,0,,,1
9,87,N,2 day,7,0,0,,,1
10,87,N,2 day,7.3,0,0,,,1
11,87,N,2 day,7.3,0,0,,,1
12,87,N,2 day,7.3,0,0,,,1
13,87,N,2 day,6.9,0,0,,,1
14,87,N,2 day,7.1,0,0,,,1
1,88,N,2 day,5,0,0,,,1
2,88,N,2 day,6.5,0,0,,,1
3,88,N,2 day,7.1,0,0,,,1
4,88,N,2 day,7.5,0,0,,,1
5,88,N,2 day,7.7,0,0,,,1
6,88,N,2 day,7.7,0,0,,,1
7,88,N,2 day,8.1,0,0,,,1
8,88,N,2 day,8.3,0,0,,,1
9,88,N,2 day,8.4,7,7,,,1
10,88,N,2 day,8.6,0,7,,,1
11,88,N,2 day,8.6,0,7,,,1
12,88,N,2 day,8.8,0,7,,,1
13,88,N,2 day,9,3,10,,,1
14,88,N,2 day,8.8,0,10,,,1
1,89,N,2 day,5.4,0,0,,,1
2,89,N,2 day,6.8,0,0,,,1
3,89,N,2 day,7.5,0,0,,,1
4,89,N,2 day,7.5,0,0,,,1
5,89,N,2 day,8,0,0,,,1
6,89,N,2 day,8,0,0,,,1
7,89,N,2 day,8.5,0,0,,,1
8,89,N,2 day,8.6,0,0,,,1
9,89,N,2 day,8.8,0,0,,,1
10,89,N,2 day,9,0,0,,,1
11,89,N,2 day,9,0,0,,,1
12,89,N,2 day,9,0,0,,,1
13,89,N,2 day,9,0,0,,,1
14,89,N,2 day,9,0,0,,,1
1,90,N,2 day,5.6,0,0,,,1
2,90,N,2 day,7,0,0,,,1
3,90,N,2 day,7.9,0,0,,,1
4,90,N,2 day,8.3,0,0,,,1
5,90,N,2 day,8.4,0,0,,,1
6,90,N,2 day,8.5,0,0,,,1
7,90,N,2 day,8.5,0,0,,,1
8,90,N,2 day,8.7,0,0,,,1
9,90,N,2 day,8.7,0,0,,,1
10,90,N,2 day,8.7,0,0,,,1
11,90,N,2 day,8.7,0,0,,,1
12,90,N,2 day,8.7,0,0,,,1
13,90,N,2 day,8.8,0,0,,,1
14,90,N,2 day,8.9,0,0,,,1
1,95,Y,Good (chicken) ,5.3,0,0,0,0,1
2,95,Y,Good (chicken) ,8.2,0,0,0,0,1
3,95,Y,Good (chicken) ,9.9,0,0,0,0,1
4,95,Y,Good (chicken) ,10.9,0,0,909.14,909,1
5,95,Y,Good (chicken) ,11.9,0,0,1318.6,2228,1
6,95,Y,Good (chicken) ,12,0,0,825.86,3054,1
7,95,Y,Good (chicken) ,12.1,0,0,333.12,3387,1
8,95,Y,Good (chicken) ,12.5,4,4,211.67,3598,1
9,95,Y,Good (chicken) ,12.5,0,4,544.79,4143,1
10,95,Y,Good (chicken) ,12.5,0,4,270.66,4414,1
11,95,Y,Good (chicken) ,13.2,0,4,832.8,5247,1
12,95,Y,Good (chicken) ,13.2,2,6,454.57,5701,1
13,95,Y,Good (chicken) ,13.2,0,6,416.4,6118,1
14,95,Y,Good (chicken) ,13.4,0,6,596.84,6714,1
1,97,Y,Good (chicken) ,5.8,0,0,0,0,1
2,97,Y,Good (chicken) ,8.2,0,0,0,0,1
3,97,Y,Good (chicken) ,9.6,0,0,0,0,1
4,97,Y,Good (chicken) ,10.7,0,0,13,13,1
5,97,Y,Good (chicken) ,11.5,71,71,301.89,315,1
6,97,Y,Good (chicken) ,11.5,22,93,975.07,1290,1
7,97,Y,Good (chicken) ,11.7,44,137,551.73,1842,1
8,97,Y,Good (chicken) ,11.9,13,150,825.86,2668,1
9,97,Y,Good (chicken) ,11.7,7,157,589.9,3257,1
10,97,Y,Good (chicken) ,12.3,0,157,2921.74,6179,1
11,97,Y,Good (chicken) ,12.9,0,157,3681.67,9861,1
12,97,Y,Good (chicken) ,13.1,0,157,1752.35,11613,1
13,97,Y,Good (chicken) ,13.2,0,157,2286.73,13900,1
14,97,Y,Good (chicken) ,13.4,3,160,1290.84,15191,1
1,98,Y,Good (chicken) ,5.2,0,0,0,0,1
2,98,Y,Good (chicken) ,8.3,0,0,0,0,1
3,98,Y,Good (chicken) ,10.2,0,0,0,0,1
4,98,Y,Good (chicken) ,11,0,0,2536.57,2537,1
5,98,Y,Good (chicken) ,11.5,,,,,0
6,98,Y,Good (chicken) ,,,,,,0
7,98,Y,Good (chicken) ,,,,,,0
8,98,Y,Good (chicken) ,,,,,,0
9,98,Y,Good (chicken) ,,,,,,0
10,98,Y,Good (chicken) ,,,,,,0
11,98,Y,Good (chicken) ,,,,,,0
12,98,Y,Good (chicken) ,,,,,,0
13,98,Y,Good (chicken) ,,,,,,0
14,98,Y,Good (chicken) ,,,,,,0
1,99,Y,Good (chicken) ,5.1,0,0,0,0,1
2,99,Y,Good (chicken) ,8.2,0,0,0,0,1
3,99,Y,Good (chicken) ,9.5,0,0,0,0,1
4,99,Y,Good (chicken) ,10.6,0,0,0,0,1
5,99,Y,Good (chicken) ,11.7,8,8,381.7,382,1
6,99,Y,Good (chicken) ,11.7,6,14,2023.01,2405,1
7,99,Y,Good (chicken) ,11.7,17,31,1481.69,3886,1
8,99,Y,Good (chicken) ,12.5,7,38,1270.02,5156,1
9,99,Y,Good (chicken) ,12.5,3,41,1721.12,6878,1
10,99,Y,Good (chicken) ,12.6,5,46,3251.39,10129,1
11,99,Y,Good (chicken) ,13.2,0,46,1825.22,11954,1
12,99,Y,Good (chicken) ,13.4,0,46,1190.21,13144,1
13,99,Y,Good (chicken) ,13.5,0,46,3001.55,16146,1
14,99,Y,Good (chicken) ,13.6,0,46,1707.24,17853,1
1,100,Y,Good (chicken) ,6.2,0,0,0,0,1
2,100,Y,Good (chicken) ,8.6,0,0,0,0,1
3,100,Y,Good (chicken) ,10.5,0,0,0,0,1
4,100,Y,Good (chicken) ,11.6,0,0,43,43,1
5,100,Y,Good (chicken) ,12.1,6,6,1214.5,1258,1
6,100,Y,Good (chicken) ,12.4,19,25,1408.82,2666,1
7,100,Y,Good (chicken) ,12.7,4,29,700.94,3367,1
8,100,Y,Good (chicken) ,13.4,14,43,999.36,4367,1
9,100,Y,Good (chicken) ,14.2,0,43,1658.66,6025,1
10,100,Y,Good (chicken) ,14.4,5,48,1707.24,7733,1
11,100,Y,Good (chicken) ,15.2,4,52,1776.64,9509,1
12,100,Y,Good (chicken) ,15.4,0,52,1228.38,10738,1
13,100,Y,Good (chicken) ,15.6,0,52,3234.04,13972,1
14,100,Y,Good (chicken) ,16.2,0,52,2075.06,16047,1
1,101,Y,Good (chicken) ,5.6,0,0,0,0,1
2,101,Y,Good (chicken) ,7.8,0,0,0,0,1
3,101,Y,Good (chicken) ,10.4,0,0,0,0,1
4,101,Y,Good (chicken) ,11.5,0,0,5,5,1
5,101,Y,Good (chicken) ,12.7,25,25,204.73,210,1
6,101,Y,Good (chicken) ,12.8,50,75,867.5,1077,1
7,101,Y,Good (chicken) ,13.2,16,91,1270.02,2347,1
8,101,Y,Good (chicken) ,13.4,8,99,1131.22,3478,1
9,101,Y,Good (chicken) ,13.8,0,99,985.48,4464,1
10,101,Y,Good (chicken) ,13.9,4,103,2890.51,7354,1
11,101,Y,Good (chicken) ,14.8,10,113,2043.83,9398,1
12,101,Y,Good (chicken) ,15.1,3,116,912.61,10311,1
13,101,Y,Good (chicken) ,15.4,3,119,2925.21,13236,1
14,101,Y,Good (chicken) ,15.6,0,119,2345.72,15582,1
1,103,Y,Good (chicken) ,5.5,0,0,0,0,1
2,103,Y,Good (chicken) ,7.8,0,0,0,0,1
3,103,Y,Good (chicken) ,9.5,0,0,0,0,1
4,103,Y,Good (chicken) ,10.5,28,28,766.87,767,1
5,103,Y,Good (chicken) ,10.7,29,57,1974.43,2741,1
6,103,Y,Good (chicken) ,11.1,13,70,700.94,3442,1
7,103,Y,Good (chicken) ,11.3,5,75,940.37,4383,1
8,103,Y,Good (chicken) ,12,2,77,1839.1,6222,1
9,103,Y,Good (chicken) ,12.3,0,77,1533.74,7755,1
10,103,Y,Good (chicken) ,12.5,10,87,1852.98,9608,1
11,103,Y,Good (chicken) ,13.4,17,104,1856.45,11465,1
12,103,Y,Good (chicken) ,13.4,6,110,909.14,12374,1
13,103,Y,Good (chicken) ,13.8,0,110,752.99,13127,1
14,103,Y,Good (chicken) ,13.8,3,113,579.49,13707,1
1,104,Y,Good (chicken) ,5.9,0,0,0,0,1
2,104,Y,Good (chicken) ,8.5,0,0,0,0,1
3,104,Y,Good (chicken) ,10,0,0,0,0,1
4,104,Y,Good (chicken) ,11.1,0,0,51,51,1
5,104,Y,Good (chicken) ,11.7,24,24,652.36,703,1
6,104,Y,Good (chicken) ,11.8,16,40,968.13,1671,1
7,104,Y,Good (chicken) ,12.3,8,48,770.34,2442,1
8,104,Y,Good (chicken) ,12.3,0,48,1079.17,3521,1
9,104,Y,Good (chicken) ,12.3,0,48,1622.13,5143,1
10,104,Y,Good (chicken) ,12.7,0,48,3133.41,8277,1
11,104,Y,Good (chicken) ,13.3,4,52,4236.87,12513,1
12,104,Y,Good (chicken) ,13.5,10,62,1617.02,14130,1
13,104,Y,Good (chicken) ,13.9,0,62,2054.24,16185,1
14,104,Y,Good (chicken) ,14.1,0,62,3657.38,19842,1
1,105,Y,Good (chicken) ,5.4,0,0,0,0,1
2,105,Y,Good (chicken) ,7.7,0,0,0,0,1
3,105,Y,Good (chicken) ,9.3,0,0,0,0,1
4,105,Y,Good (chicken) ,10,0,0,1065.29,1065,1
5,105,Y,Good (chicken) ,10,0,0,576.02,1641,1
6,105,Y,Good (chicken) ,11,0,0,1068.76,2710,1
7,105,Y,Good (chicken) ,11.6,0,0,839.74,3550,1
8,105,Y,Good (chicken) ,11.8,0,0,1804.4,5354,1
9,105,Y,Good (chicken) ,11.4,0,0,2009.13,7363,1
10,105,Y,Good (chicken) ,11.8,0,0,1457.4,8821,1
11,105,Y,Good (chicken) ,12.2,0,0,1648.25,10469,1
12,105,Y,Good (chicken) ,12.7,0,0,2005.66,12475,1
13,105,Y,Good (chicken) ,12.9,0,0,2782.94,15258,1
14,105,Y,Good (chicken) ,13,0,0,1922.38,17180,1
1,106,Y,Good (chicken) ,5.6,0,0,0,0,1
2,106,Y,Good (chicken) ,8.6,0,0,0,0,1
3,106,Y,Good (chicken) ,10.2,0,0,0,0,1
4,106,Y,Good (chicken) ,11,0,0,105,105,1
5,106,Y,Good (chicken) ,11.6,0,0,190.85,296,1
6,106,Y,Good (chicken) ,12.3,0,0,773.81,1070,1
7,106,Y,Good (chicken) ,12.3,0,0,1492.1,2562,1
8,106,Y,Good (chicken) ,12.6,0,0,1988.31,4550,1
9,106,Y,Good (chicken) ,13.4,7,7,503.15,5053,1
10,106,Y,Good (chicken) ,13.9,0,7,666.24,5719,1
11,106,Y,Good (chicken) ,14.3,0,7,1499.04,7219,1
12,106,Y,Good (chicken) ,14.8,0,7,1290.84,8509,1
13,106,Y,Good (chicken) ,15.3,0,7,1346.36,9856,1
14,106,Y,Good (chicken) ,15.8,0,7,1887.68,11743,1
1,107,Y,Good (chicken) ,5.5,0,0,0,0,1
2,107,Y,Good (chicken) ,8.5,0,0,0,0,1
3,107,Y,Good (chicken) ,10.5,0,0,0,0,1
4,107,Y,Good (chicken) ,12,0,0,409.46,409,1
5,107,Y,Good (chicken) ,12.7,0,0,1224.91,1634,1
6,107,Y,Good (chicken) ,13.2,0,0,1034.06,2668,1
7,107,Y,Good (chicken) ,13.8,0,0,2123.64,4792,1
8,107,Y,Good (chicken) ,13.9,0,0,,,0
9,107,Y,Good (chicken) ,,,,,,0
10,107,Y,Good (chicken) ,,,,,,0
11,107,Y,Good (chicken) ,,,,,,0
12,107,Y,Good (chicken) ,,,,,,0
13,107,Y,Good (chicken) ,,,,,,0
14,107,Y,Good (chicken) ,,,,,,0
1,109,Y,Good (chicken) ,5.4,0,0,0,0,1
2,109,Y,Good (chicken) ,7.8,0,0,0,0,1
3,109,Y,Good (chicken) ,9.4,0,0,0,0,1
4,109,Y,Good (chicken) ,10.9,0,0,48,48,1
5,109,Y,Good (chicken) ,11.8,,,659.3,707,1
6,109,Y,Good (chicken) ,12.1,0,0,1086.11,1793,1
7,109,Y,Good (chicken) ,12.7,0,0,881.38,2675,1
8,109,Y,Good (chicken) ,13,0,0,1224.91,3900,1
9,109,Y,Good (chicken) ,13,0,0,1183.27,5083,1
10,109,Y,Good (chicken) ,13.3,0,0,3157.7,8241,1
11,109,Y,Good (chicken) ,13.8,1,1,2755.18,10996,1
12,109,Y,Good (chicken) ,14.4,0,1,902.2,11898,1
13,109,Y,Good (chicken) ,14.2,0,1,2602.5,14501,1
14,109,Y,Good (chicken) ,14.6,0,1,1814.81,16315,1
1,111,Y,Good (chicken) ,5,0,0,0,0,1
2,111,Y,Good (chicken) ,7.8,0,0,0,0,1
3,111,Y,Good (chicken) ,9.4,0,0,0,0,1
4,111,Y,Good (chicken) ,10.5,13,13,104,104,1
5,111,Y,Good (chicken) ,10.7,6,19,482.33,586,1
6,111,Y,Good (chicken) ,11,0,19,673.18,1260,1
7,111,Y,Good (chicken) ,11.7,3,22,985.48,2245,1
8,111,Y,Good (chicken) ,11.9,0,22,1877.27,4122,1
9,111,Y,Good (chicken) ,12.3,0,22,3015.43,7138,1
10,111,Y,Good (chicken) ,12.6,0,22,2998.08,10136,1
11,111,Y,Good (chicken) ,13.2,0,22,3070.95,13207,1
12,111,Y,Good (chicken) ,13.7,0,22,3528.99,16736,1
13,111,Y,Good (chicken) ,14.1,0,22,1998.72,18734,1
14,111,Y,Good (chicken) ,14.2,0,22,1072.23,19807,1
1,112,Y,Good (chicken) ,5.6,0,0,0,0,1
2,112,Y,Good (chicken) ,8.7,0,0,0,0,1
3,112,Y,Good (chicken) ,10.6,0,0,0,0,1
4,112,Y,Good (chicken) ,11.9,0,0,28,28,1
5,112,Y,Good (chicken) ,12.6,0,0,867.5,896,1
6,112,Y,Good (chicken) ,13,0,0,898.73,1794,1
7,112,Y,Good (chicken) ,13.8,0,0,1065.29,2860,1
8,112,Y,Good (chicken) ,14.3,18,18,1002.83,3862,1
9,112,Y,Good (chicken) ,14.7,2,20,1741.94,5604,1
10,112,Y,Good (chicken) ,15.1,14,34,2814.17,8418,1
11,112,Y,Good (chicken) ,15.7,0,34,2314.49,10733,1
12,112,Y,Good (chicken) ,16.2,6,40,1276.96,12010,1
13,112,Y,Good (chicken) ,16.8,0,40,4399.96,16410,1
14,112,Y,Good (chicken) ,17,0,40,1415.76,17826,1
1,113,N,Good (chicken) ,5.9,0,0,,,1
2,113,N,Good (chicken) ,8.5,0,0,,,1
3,113,N,Good (chicken) ,9.8,0,0,,,1
4,113,N,Good (chicken) ,10.6,0,0,,,1
5,113,N,Good (chicken) ,11.2,32,32,,,1
6,113,N,Good (chicken) ,11.8,0,32,,,1
7,113,N,Good (chicken) ,12.6,0,32,,,1
8,113,N,Good (chicken) ,12.8,98,130,,,1
9,113,N,Good (chicken) ,12.9,139,269,,,1
10,113,N,Good (chicken) ,13.1,86,355,,,1
11,113,N,Good (chicken) ,14.2,69,424,,,1
12,113,N,Good (chicken) ,14.6,61,485,,,1
13,113,N,Good (chicken) ,14.8,0,485,,,1
14,113,N,Good (chicken) ,15.1,43,528,,,1
1,114,N,Good (chicken) ,5.3,0,0,,,1
2,114,N,Good (chicken) ,8,0,0,,,1
3,114,N,Good (chicken) ,9.2,0,0,,,1
4,114,N,Good (chicken) ,10,0,0,,,1
5,114,N,Good (chicken) ,10.6,52,52,,,1
6,114,N,Good (chicken) ,11.2,93,145,,,1
7,114,N,Good (chicken) ,11.7,114,259,,,1
8,114,N,Good (chicken) ,12.1,144,403,,,1
9,114,N,Good (chicken) ,12.5,79,482,,,1
10,114,N,Good (chicken) ,13,172,654,,,1
11,114,N,Good (chicken) ,13.3,117,771,,,1
12,114,N,Good (chicken) ,14,171,942,,,1
13,114,N,Good (chicken) ,14,55,997,,,1
14,114,N,Good (chicken) ,14.6,28,1025,,,1
1,115,N,Good (chicken) ,5.5,0,0,,,1
2,115,N,Good (chicken) ,8.4,0,0,,,1
3,115,N,Good (chicken) ,9.5,0,0,,,1
4,115,N,Good (chicken) ,10.1,0,0,,,1
5,115,N,Good (chicken) ,10.7,89,89,,,1
6,115,N,Good (chicken) ,11.2,124,213,,,1
7,115,N,Good (chicken) ,11.6,121,334,,,1
8,115,N,Good (chicken) ,12.6,30,364,,,1
9,115,N,Good (chicken) ,12.7,62,426,,,1
10,115,N,Good (chicken) ,13.2,105,531,,,1
11,115,N,Good (chicken) ,13.8,0,531,,,1
12,115,N,Good (chicken) ,14.5,75,606,,,1
13,115,N,Good (chicken) ,14.7,40,646,,,1
14,115,N,Good (chicken) ,15,80,726,,,1
1,116,N,Good (chicken) ,5.7,0,0,,,1
2,116,N,Good (chicken) ,8,0,0,,,1
3,116,N,Good (chicken) ,9.7,0,0,,,1
4,116,N,Good (chicken) ,10.6,0,0,,,1
5,116,N,Good (chicken) ,11.6,68,68,,,1
6,116,N,Good (chicken) ,12.4,38,106,,,1
7,116,N,Good (chicken) ,12.7,104,210,,,1
8,116,N,Good (chicken) ,13.9,93,303,,,1
9,116,N,Good (chicken) ,13.8,37,340,,,1
10,116,N,Good (chicken) ,14.3,226,566,,,1
11,116,N,Good (chicken) ,14.7,116,682,,,1
12,116,N,Good (chicken) ,15.5,165,847,,,1
13,116,N,Good (chicken) ,15.7,43,890,,,1
14,116,N,Good (chicken) ,16,102,992,,,1
1,117,N,Good (chicken) ,5.3,0,0,,,1
2,117,N,Good (chicken) ,8,0,0,,,1
3,117,N,Good (chicken) ,9.1,0,0,,,1
4,117,N,Good (chicken) ,9.9,0,0,,,1
5,117,N,Good (chicken) ,10.6,0,0,,,1
6,117,N,Good (chicken) ,11.2,106,106,,,1
7,117,N,Good (chicken) ,11.6,114,220,,,1
8,117,N,Good (chicken) ,12.6,97,317,,,1
9,117,N,Good (chicken) ,12.9,94,411,,,1
10,117,N,Good (chicken) ,13.1,70,481,,,1
11,117,N,Good (chicken) ,13.5,56,537,,,1
12,117,N,Good (chicken) ,14.2,44,581,,,1
13,117,N,Good (chicken) ,14.6,17,598,,,1
14,117,N,Good (chicken) ,15,19,617,,,1
1,118,N,Good (chicken) ,5.6,0,0,,,1
2,118,N,Good (chicken) ,8.6,0,0,,,1
3,118,N,Good (chicken) ,9.9,0,0,,,1
4,118,N,Good (chicken) ,10.6,0,0,,,1
5,118,N,Good (chicken) ,11.5,82,82,,,1
6,118,N,Good (chicken) ,12.3,143,225,,,1
7,118,N,Good (chicken) ,12.3,153,378,,,1
8,118,N,Good (chicken) ,13.8,125,503,,,1
9,118,N,Good (chicken) ,13.6,49,552,,,1
10,118,N,Good (chicken) ,14.2,40,592,,,1
11,118,N,Good (chicken) ,14.4,14,606,,,1
12,118,N,Good (chicken) ,15.4,12,618,,,1
13,118,N,Good (chicken) ,15.9,0,618,,,1
14,118,N,Good (chicken) ,16.4,37,655,,,1
1,119,N,Good (chicken) ,5.5,0,0,,,1
2,119,N,Good (chicken) ,8.8,0,0,,,1
3,119,N,Good (chicken) ,10.4,0,0,,,1
4,119,N,Good (chicken) ,11.2,0,0,,,1
5,119,N,Good (chicken) ,12,82,82,,,1
6,119,N,Good (chicken) ,12.7,167,249,,,1
7,119,N,Good (chicken) ,12.9,239,488,,,1
8,119,N,Good (chicken) ,13.9,268,756,,,1
9,119,N,Good (chicken) ,14,197,953,,,1
10,119,N,Good (chicken) ,14.1,200,1153,,,1
11,119,N,Good (chicken) ,14.8,0,1153,,,1
12,119,N,Good (chicken) ,15.3,0,1153,,,1
13,119,N,Good (chicken) ,15.8,0,1153,,,1
14,119,N,Good (chicken) ,16.6,0,1153,,,1
1,120,N,Good (chicken) ,5,0,0,,,1
2,120,N,Good (chicken) ,7.5,0,0,,,1
3,120,N,Good (chicken) ,9.2,0,0,,,1
4,120,N,Good (chicken) ,10.3,0,0,,,1
5,120,N,Good (chicken) ,11.5,0,0,,,1
6,120,N,Good (chicken) ,12.2,0,0,,,1
7,120,N,Good (chicken) ,13,21,21,,,1
8,120,N,Good (chicken) ,13.8,38,59,,,1
9,120,N,Good (chicken) ,14.1,33,92,,,1
10,120,N,Good (chicken) ,14,,,,,0
11,120,N,Good (chicken) ,,,,,,0
12,120,N,Good (chicken) ,,,,,,0
13,120,N,Good (chicken) ,,,,,,0
14,120,N,Good (chicken) ,,,,,,0
